player_id,season,prop,line,actual,over_prob,won,push
00-0036442,2022,passing_yards,222.5,232,0.9874959776708423,1,0
00-0036442,2022,passing_yards,222.5,199,0.9878085392252033,0,0
00-0036442,2022,passing_yards,222.5,206,0.9874959776708423,0,0
00-0034857,2022,passing_yards,222.5,264,0.7365500240017185,1,0
00-0036442,2022,passing_yards,222.5,287,0.9643209393232094,1,0
00-0019596,2022,passing_yards,222.5,258,0.8811929369896121,1,0
00-0034857,2022,passing_yards,222.5,223,0.6458494676381297,1,0
00-0034857,2022,passing_yards,222.5,330,0.9767343044368156,1,0
00-0029604,2022,passing_yards,222.5,232,0.9013198544666554,1,0
00-0027973,2022,passing_yards,222.5,229,0.860185897866387,1,0
00-0036442,2022,passing_yards,222.5,481,0.902829553228712,1,0
00-0029263,2022,passing_yards,222.5,247,0.9595134987994787,1,0
00-0036971,2022,passing_yards,222.5,262,0.7419393999579955,1,0
00-0031345,2022,passing_yards,222.5,240,0.9134043029066388,1,0
00-0036212,2022,passing_yards,222.5,310,0.8976199058566298,1,0
00-0036972,2022,passing_yards,222.5,112,0.7286016046927463,0,0
00-0026143,2022,passing_yards,222.5,389,0.8986369919205939,1,0
00-0036212,2022,passing_yards,222.5,110,0.8630345835184875,0,0
00-0027973,2022,passing_yards,222.5,236,0.809417021271243,1,0
00-0033106,2022,passing_yards,222.5,229,0.8827525276887014,1,0
00-0037834,2022,passing_yards,222.5,178,0.8188956495268882,0,0
00-0034857,2022,passing_yards,222.5,329,0.9710308548768272,1,0
00-0033106,2022,passing_yards,222.5,321,0.9134043029066388,1,0
00-0029604,2022,passing_yards,222.5,425,0.5753874687360091,1,0
00-0036971,2022,passing_yards,222.5,165,0.8448006749049786,0,0
00-0036898,2022,passing_yards,222.5,240,0.8978649322471999,1,0
00-0031280,2022,passing_yards,222.5,252,0.8097966079233412,1,0
00-0034857,2022,passing_yards,222.5,197,0.9959124540767699,0,0
00-0026143,2022,passing_yards,222.5,251,0.8827525276887014,1,0
00-0036355,2022,passing_yards,222.5,340,0.9545291135504697,1,0
00-0033106,2022,passing_yards,222.5,256,0.5857213553771498,1,0
00-0026498,2022,passing_yards,222.5,272,0.9719033371291196,1,0
00-0033106,2022,passing_yards,222.5,252,0.900848375322594,1,0
00-0026143,2022,passing_yards,222.5,243,0.9264561991614314,1,0
00-0029604,2022,passing_yards,222.5,277,0.7566243864397759,1,0
00-0026143,2022,passing_yards,222.5,222,0.9064236611936785,0,0
00-0033873,2022,passing_yards,222.5,224,0.9806108901705528,1,0
00-0036355,2022,passing_yards,222.5,273,0.9961604695395183,1,0
00-0033106,2022,passing_yards,222.5,165,0.6599607482839178,0,0
00-0036442,2022,passing_yards,222.5,270,0.9119567606040291,1,0
00-0019596,2022,passing_yards,222.5,290,0.9264561991614314,1,0
00-0034857,2022,passing_yards,222.5,317,0.8509912547430292,1,0
00-0033119,2022,passing_yards,222.5,324,0.9178579074296397,1,0
00-0033106,2022,passing_yards,222.5,137,0.9946969243020117,0,0
00-0036972,2022,passing_yards,222.5,194,0.5924388953524725,0,0
00-0030565,2022,passing_yards,222.5,210,0.9639910665620709,0,0
00-0029263,2022,passing_yards,222.5,237,0.7130661467685073,1,0
00-0033077,2022,passing_yards,222.5,284,0.866726750285679,1,0
00-0026143,2022,passing_yards,222.5,199,0.9681007075848154,0,0
00-0033106,2022,passing_yards,222.5,355,0.8478838308877348,1,0
00-0019596,2022,passing_yards,222.5,271,0.9478516833707723,1,0
00-0036971,2022,passing_yards,222.5,259,0.6103477614198398,1,0
00-0036355,2022,passing_yards,222.5,235,0.9934721200847629,1,0
00-0033873,2022,passing_yards,222.5,360,0.8923732686172374,1,0
00-0030565,2022,passing_yards,222.5,183,0.9961432060342637,0,0
00-0035710,2022,passing_yards,222.5,341,0.6076271195592506,1,0
00-0036355,2022,passing_yards,222.5,334,0.9817857566853813,1,0
00-0036442,2022,passing_yards,222.5,338,0.9806108901705528,1,0
00-0036355,2022,passing_yards,222.5,245,0.9978744195565652,1,0
00-0033873,2022,passing_yards,222.5,320,0.999996201539677,1,0
00-0019596,2022,passing_yards,222.5,280,0.8884897749050675,1,0
00-0019596,2022,passing_yards,222.5,253,0.9927337640059118,1,0
00-0036212,2022,passing_yards,222.5,302,0.9941535694408247,1,0
00-0036355,2022,passing_yards,222.5,196,0.9772038457069933,0,0
00-0031280,2022,passing_yards,222.5,250,0.6242411705424193,1,0
00-0033077,2022,passing_yards,222.5,282,0.9691297364912362,1,0
00-0030565,2022,passing_yards,222.5,264,0.9803999125507256,1,0
00-0033873,2022,passing_yards,222.5,292,0.9929292686249717,1,0
00-0036355,2022,passing_yards,222.5,293,0.9865886347423803,1,0
00-0033873,2022,passing_yards,222.5,262,0.9899519790381157,1,0
00-0029604,2022,passing_yards,222.5,460,0.8827525276887014,1,0
00-0036355,2022,passing_yards,222.5,367,0.9773166540467485,1,0
00-0036212,2022,passing_yards,222.5,285,0.8660087772368545,1,0
00-0036355,2022,passing_yards,222.5,238,0.9845628881691448,1,0
00-0033077,2022,passing_yards,222.5,305,0.9192828300726867,1,0
00-0034401,2022,passing_yards,222.5,240,0.8063039410893893,1,0
00-0036971,2022,passing_yards,222.5,288,0.9248133841258588,1,0
00-0029263,2022,passing_yards,222.5,142,0.880003423216591,0,0
00-0032950,2022,passing_yards,222.5,211,0.5806967674141639,0,0
00-0036442,2022,passing_yards,222.5,270,0.9785973446409477,1,0
00-0036355,2022,passing_yards,222.5,313,0.9921796300921777,1,0
00-0031280,2022,passing_yards,222.5,303,0.8406309901557512,1,0
00-0035228,2022,passing_yards,222.5,193,0.6614525443589062,0,0
00-0036414,2022,rushing_yards,23.0,118,0.9999325570994282,1,0
00-0036875,2022,rushing_yards,23.0,30,0.9992601928977102,1,0
00-0036414,2022,rushing_yards,23.0,65,0.9592986631341813,1,0
00-0036875,2022,rushing_yards,23.0,172,0.9265707062461326,1,0
00-0037197,2022,rushing_yards,23.0,31,0.9999823083652698,1,0
00-0035831,2022,rushing_yards,23.0,54,0.995959288886725,1,0
00-0033293,2022,rushing_yards,23.0,49,0.999224624052988,1,0
00-0034857,2022,rushing_yards,23.0,32,0.8667863460094489,1,0
00-0032144,2022,rushing_yards,23.0,47,0.999856040144231,1,0
00-0033923,2022,rushing_yards,23.0,47,0.9197140177684622,1,0
00-0033553,2022,rushing_yards,23.0,63,0.9999815675393742,1,0
00-0035250,2022,rushing_yards,23.0,13,0.9997145990858024,0,0
00-0035657,2022,rushing_yards,23.0,41,0.9734454421314251,1,0
00-0036555,2022,rushing_yards,23.0,69,0.9889024027086086,1,0
00-0037263,2022,rushing_yards,23.0,39,0.9996276360636007,1,0
00-0033897,2022,rushing_yards,23.0,61,0.9999845336560969,1,0
00-0033553,2022,rushing_yards,23.0,42,0.9970462463535241,1,0
00-0033925,2022,rushing_yards,23.0,23,0.9999442934257308,0,1
00-0034972,2022,rushing_yards,23.0,28,0.6492454258359996,1,0
00-0036973,2022,rushing_yards,23.0,32,0.9998166950920454,1,0
00-0034681,2022,rushing_yards,23.0,33,0.9997673694211398,1,0
00-0035243,2022,rushing_yards,23.0,65,0.9999470430129628,1,0
00-0034115,2022,rushing_yards,23.0,26,0.9504133023422873,1,0
00-0034115,2022,rushing_yards,23.0,54,0.9999553521877889,1,0
00-0036414,2022,rushing_yards,23.0,61,0.7031999115335731,1,0
00-0035261,2022,rushing_yards,23.0,80,0.9999999933849755,1,0
00-0030578,2022,rushing_yards,23.0,60,0.885078798697772,1,0
00-0036893,2022,rushing_yards,23.0,23,0.9999618338207851,0,1
00-0037197,2022,rushing_yards,23.0,66,0.9999392438457617,1,0
00-0036223,2022,rushing_yards,23.0,42,0.999999996054541,1,0
00-0033293,2022,rushing_yards,23.0,143,0.999731887355534,1,0
00-0037256,2022,rushing_yards,23.0,28,0.9999766363602877,1,0
00-0035685,2022,rushing_yards,23.0,67,0.9742509335414873,1,0
00-0033699,2022,rushing_yards,23.0,31,0.9999939965828466,1,0
00-0036389,2022,rushing_yards,23.0,61,0.9988090833869103,1,0
00-0033925,2022,rushing_yards,23.0,24,0.9999907171734486,1,0
00-0036555,2022,rushing_yards,23.0,10,0.9759501760719432,0,0
00-0032268,2022,rushing_yards,23.0,17,0.6826443227701103,0,0
00-0038045,2022,rushing_yards,23.0,3,0.6123325541132216,0,0
00-0033925,2022,rushing_yards,23.0,113,0.9999365539359757,1,0
00-0033293,2022,rushing_yards,23.0,63,0.9999579959483856,1,0
00-0035657,2022,rushing_yards,23.0,31,0.8760455836019703,1,0
00-0036924,2022,rushing_yards,23.0,60,0.9978402151599887,1,0
00-0036265,2022,rushing_yards,23.0,36,0.9998870275780797,1,0
00-0036414,2022,rushing_yards,23.0,61,0.8930013164520771,1,0
00-0037197,2022,rushing_yards,23.0,6,0.9998835480941773,0,0
00-0034791,2022,rushing_yards,23.0,99,0.9999870864550539,1,0
00-0034184,2022,rushing_yards,23.0,55,0.9939602789699967,1,0
00-0033293,2022,rushing_yards,23.0,111,0.995794776894039,1,0
00-0036389,2022,rushing_yards,23.0,12,0.9998792702720933,0,0
00-0035261,2022,rushing_yards,23.0,77,0.9994403449177897,1,0
00-0035228,2022,rushing_yards,23.0,36,0.9440126367892265,1,0
00-0033948,2022,rushing_yards,23.0,144,0.9010592682538197,1,0
00-0031376,2022,rushing_yards,23.0,52,0.6632598247534494,1,0
00-0034844,2022,rushing_yards,23.0,28,0.9999986843772334,1,0
00-0035243,2022,rushing_yards,23.0,96,0.9996497079206712,1,0
00-0034857,2022,rushing_yards,23.0,7,0.9891334582534981,0,0
00-0035831,2022,rushing_yards,23.0,64,0.9355857804126416,1,0
00-0034791,2022,rushing_yards,23.0,92,0.9999265266624208,1,0
00-0036829,2022,rushing_yards,23.0,32,0.9829638644124802,1,0
00-0035719,2022,rushing_yards,23.0,12,0.5945648013232717,0,0
00-0036328,2022,rushing_yards,23.0,19,0.8669235185226536,0,0
00-0035250,2022,rushing_yards,23.0,24,0.999737202248652,1,0
00-0036158,2022,rushing_yards,23.0,44,0.9999102600565517,1,0
00-0036370,2022,rushing_yards,23.0,29,0.7156164970446013,1,0
00-0035700,2022,rushing_yards,23.0,78,0.999999977334242,1,0
00-0035700,2022,rushing_yards,23.0,154,0.999999857231865,1,0
00-0035250,2022,rushing_yards,23.0,49,0.9692814569729683,1,0
00-0035261,2022,rushing_yards,23.0,75,0.9999391942449206,1,0
00-0033897,2022,rushing_yards,23.0,19,0.999943880095061,0,0
00-0036370,2022,rushing_yards,23.0,33,0.6937878992360316,1,0
00-0033906,2022,rushing_yards,23.0,103,0.9999912168447396,1,0
00-0037228,2022,rushing_yards,23.0,36,0.8835393945314833,1,0
00-0033893,2022,rushing_yards,23.0,37,0.9999997147078288,1,0
00-0033280,2022,rushing_yards,23.0,54,0.9999782508039528,1,0
00-0030578,2022,rushing_yards,23.0,52,0.9569583950275758,1,0
00-0031376,2022,rushing_yards,23.0,20,0.9078165705456187,0,0
00-0036924,2022,rushing_yards,23.0,39,0.996919539997813,1,0
00-0033526,2022,rushing_yards,23.0,22,0.99998204613466,0,0
00-0030578,2022,rushing_yards,23.0,42,0.989945953359281,1,0
00-0035664,2022,rushing_yards,23.0,27,0.8502667562970632,1,0
00-0037228,2022,rushing_yards,23.0,23,0.6359995950138028,0,1
00-0033293,2022,rushing_yards,23.0,40,0.9999912428947373,1,0
00-0036265,2022,rushing_yards,23.0,36,0.9950346851076802,1,0
00-0036370,2022,rushing_yards,23.0,20,0.8532620193551533,0,0
00-0033699,2022,rushing_yards,23.0,122,0.9991986697907177,1,0
00-0036893,2022,rushing_yards,23.0,32,0.999401908333578,1,0
00-0037563,2022,rushing_yards,23.0,19,0.7613176108124629,0,0
00-0027966,2022,rushing_yards,23.0,58,0.5898474517388995,1,0
00-0033856,2022,rushing_yards,23.0,19,0.9996500744579218,0,0
00-0037157,2022,rushing_yards,23.0,71,0.9999457674846293,1,0
00-0034791,2022,rushing_yards,23.0,63,0.9999999982913831,1,0
00-0033897,2022,rushing_yards,23.0,39,0.9997975515102673,1,0
00-0033856,2022,rushing_yards,23.0,35,0.9999881450314345,1,0
00-0033757,2022,receiving_yards,23.5,36,0.7367713691933172,1,0
00-0033282,2022,receiving_yards,23.5,10,0.8148667398715073,0,0
00-0036900,2022,receiving_yards,23.5,132,0.9957564808471129,1,0
00-0033280,2022,receiving_yards,23.5,34,0.6798108800704806,1,0
00-0035639,2022,receiving_yards,23.5,14,0.9784415963517015,0,0
00-0031260,2022,receiving_yards,23.5,7,0.6536279753104398,0,0
00-0036963,2022,receiving_yards,23.5,119,0.9782536049069597,1,0
00-0033090,2022,receiving_yards,23.5,63,0.69450916837306,1,0
00-0035662,2022,receiving_yards,23.5,7,0.9832625339499818,0,0
00-0033885,2022,receiving_yards,23.5,29,0.8213864268691569,1,0
00-0031236,2022,receiving_yards,23.5,82,0.9879100745746398,1,0
00-0036550,2022,receiving_yards,23.5,108,0.8600209772209693,1,0
00-0036233,2022,receiving_yards,23.5,42,0.8058018198040566,1,0
00-0032464,2022,receiving_yards,23.5,19,0.7553799605324916,0,0
00-0033110,2022,receiving_yards,23.5,15,0.9775939209647424,0,0
00-0036233,2022,receiving_yards,23.5,114,0.8899508367406006,1,0
00-0037247,2022,receiving_yards,23.5,83,0.9406063086357564,1,0
00-0030068,2022,receiving_yards,23.5,22,0.5707096411925292,0,0
00-0036410,2022,receiving_yards,23.5,35,0.9994273966171207,1,0
00-0035689,2022,receiving_yards,23.5,57,0.6750778833506564,1,0
00-0036963,2022,receiving_yards,23.5,4,0.9992599594599958,0,0
00-0033895,2022,receiving_yards,23.5,2,0.9529760005079692,0,0
00-0033699,2022,receiving_yards,23.5,39,0.7633032347233392,1,0
00-0036165,2022,receiving_yards,23.5,38,0.7699672960506965,1,0
00-0036613,2022,receiving_yards,23.5,44,0.9776709089779159,1,0
00-0031381,2022,receiving_yards,23.5,71,0.9999805708769975,1,0
00-0036040,2022,receiving_yards,23.5,9,0.806839520761502,0,0
00-0035719,2022,receiving_yards,23.5,133,0.8909556200749615,1,0
00-0035676,2022,receiving_yards,23.5,95,0.9994603218276676,1,0
00-0035662,2022,receiving_yards,23.5,78,0.9999506973324855,1,0
00-0035208,2022,receiving_yards,23.5,18,0.762789664190604,0,0
00-0036963,2022,receiving_yards,23.5,18,0.9997831597208101,0,0
00-0034830,2022,receiving_yards,23.5,7,0.663055791295983,0,0
00-0032951,2022,receiving_yards,23.5,15,0.8067666468278959,0,0
00-0034383,2022,receiving_yards,23.5,31,0.8858694848998951,1,0
00-0032775,2022,receiving_yards,23.5,41,0.9529760005079692,1,0
00-0037545,2022,receiving_yards,23.5,41,0.6892947107977567,1,0
00-0036980,2022,receiving_yards,23.5,11,0.8888629629440921,0,0
00-0035021,2022,receiving_yards,23.5,18,0.6652842445095584,0,0
00-0032392,2022,receiving_yards,23.5,22,0.6438096058143894,0,0
00-0036326,2022,receiving_yards,23.5,28,0.7377595693446745,1,0
00-0032464,2022,receiving_yards,23.5,12,0.9084236043081383,0,0
00-0036252,2022,receiving_yards,23.5,53,0.9844401102070963,1,0
00-0035659,2022,receiving_yards,23.5,58,0.9361820508487002,1,0
00-0033921,2022,receiving_yards,23.5,110,0.9986060928415157,1,0
00-0030061,2022,receiving_yards,23.5,45,0.978443581746228,1,0
00-0036309,2022,receiving_yards,23.5,43,0.9951663003792569,1,0
00-0037239,2022,receiving_yards,23.5,71,0.9998447064803772,1,0
00-0036963,2022,receiving_yards,23.5,49,0.9996749336286417,1,0
00-0033857,2022,receiving_yards,23.5,46,0.9629497711395183,1,0
00-0034981,2022,receiving_yards,23.5,33,0.891146654909307,1,0
00-0037809,2022,receiving_yards,23.5,45,0.7539735498030182,1,0
00-0032775,2022,receiving_yards,23.5,49,0.6382804057171845,1,0
00-0034827,2022,receiving_yards,23.5,24,0.9963360194756126,1,0
00-0034960,2022,receiving_yards,23.5,60,0.9986593065826707,1,0
00-0034777,2022,receiving_yards,23.5,56,0.9519978288110312,1,0
00-0036988,2022,receiving_yards,23.5,57,0.9162621874320586,1,0
00-0033280,2022,receiving_yards,23.5,39,0.8923689883677868,1,0
00-0038124,2022,receiving_yards,23.5,110,0.8235788819721745,1,0
00-0036196,2022,receiving_yards,23.5,93,0.9140272200091717,1,0
00-0032464,2022,receiving_yards,23.5,56,0.810196276294832,1,0
00-0036331,2022,receiving_yards,23.5,31,0.8179965411048687,1,0
00-0030279,2022,receiving_yards,23.5,11,0.9886881511790997,0,0
00-0034960,2022,receiving_yards,23.5,42,0.9931088012070124,1,0
00-0034351,2022,receiving_yards,23.5,45,0.9582024408775811,1,0
00-0036849,2022,receiving_yards,23.5,10,0.6073272693249995,0,0
00-0035662,2022,receiving_yards,23.5,46,0.999915053860048,1,0
00-0034775,2022,receiving_yards,23.5,104,0.9999161920177676,1,0
00-0033871,2022,receiving_yards,23.5,52,0.9422496894477583,1,0
00-0033871,2022,receiving_yards,23.5,9,0.8045787600081695,0,0
00-0035535,2022,receiving_yards,23.5,11,0.6413531893796277,0,0
00-0037740,2022,receiving_yards,23.5,78,0.9997606165222895,1,0
00-0037239,2022,receiving_yards,23.5,60,0.9705163021480885,1,0
00-0036182,2022,receiving_yards,23.5,72,0.6176927054690884,1,0
00-0036326,2022,receiving_yards,23.5,51,0.6238400945148458,1,0
00-0029608,2022,receiving_yards,23.5,52,0.7656767193670501,1,0
00-0030564,2022,receiving_yards,23.5,60,0.9997818016041216,1,0
00-0027944,2022,receiving_yards,23.5,74,0.6968419487788324,1,0
00-0031376,2022,receiving_yards,23.5,70,0.8597050819572551,1,0
00-0036322,2022,receiving_yards,23.5,115,0.9999776836775249,1,0
00-0035659,2022,receiving_yards,23.5,128,0.9989926832421155,1,0
00-0037816,2022,receiving_yards,23.5,29,0.9035025906059438,1,0
00-0035689,2022,receiving_yards,23.5,38,0.8985742008639164,1,0
00-0036988,2022,receiving_yards,23.5,16,0.992320547925805,0,0
00-0036261,2022,receiving_yards,23.5,73,0.9873608347705543,1,0
00-0039150,2023,passing_yards,199.0,94,0.7108763593923144,0,0
00-0038122,2023,passing_yards,199.0,71,0.9937888561078768,0,0
00-0036389,2023,passing_yards,199.0,280,0.8918196674654739,1,0
00-0039152,2023,passing_yards,199.0,199,0.6794860442794981,0,1
00-0036212,2023,passing_yards,199.0,309,0.9998666052855676,1,0
00-0033873,2023,passing_yards,199.0,272,0.9927139115095436,1,0
00-0036212,2023,passing_yards,199.0,324,0.9998460018781081,1,0
00-0033537,2023,passing_yards,199.0,5,0.871145476008955,0,0
00-0039163,2023,passing_yards,199.0,199,0.9997001480093133,0,1
00-0038122,2023,passing_yards,199.0,237,0.8083518085813235,1,0
00-0036389,2023,passing_yards,199.0,193,0.6319068576694693,0,0
00-0036355,2023,passing_yards,199.0,136,0.9891989295844937,0,0
00-0031280,2023,passing_yards,199.0,127,0.9106925615489527,0,0
00-0034857,2023,passing_yards,199.0,275,0.9846808683655552,1,0
00-0036971,2023,passing_yards,199.0,185,0.9835917267722633,0,0
00-0036945,2023,passing_yards,199.0,148,0.7370560574105687,0,0
00-0036212,2023,passing_yards,199.0,199,0.928790181076257,0,1
00-0036264,2023,passing_yards,199.0,267,0.9972320340138608,1,0
00-0036389,2023,passing_yards,199.0,301,0.7140458315953312,1,0
00-0036971,2023,passing_yards,199.0,257,0.9986609834223533,1,0
00-0038102,2023,passing_yards,199.0,114,0.9210814114386392,0,0
00-0038102,2023,passing_yards,199.0,235,0.9262229070825485,1,0
00-0029701,2023,passing_yards,199.0,104,0.7761437306331078,0,0
00-0033949,2023,passing_yards,199.0,158,0.845608774948477,0,0
00-0033537,2023,passing_yards,199.0,154,0.6432314934772114,0,0
00-0034796,2023,passing_yards,199.0,152,0.9951547869173675,0,0
00-0033077,2023,passing_yards,199.0,404,0.998322595140393,1,0
00-0034855,2023,passing_yards,199.0,199,0.9963701774757526,0,1
00-0036971,2023,passing_yards,199.0,211,0.9996109963313752,1,0
00-0037834,2023,passing_yards,199.0,252,0.9998446906674612,1,0
00-0035228,2023,passing_yards,199.0,262,0.8557797877470916,1,0
00-0036442,2023,passing_yards,199.0,222,0.7919876400928405,1,0
00-0033873,2023,passing_yards,199.0,240,0.9998540569888158,1,0
00-0039152,2023,passing_yards,199.0,199,0.989974950454331,0,1
00-0031503,2023,passing_yards,199.0,101,0.9358428323561926,0,0
00-0033077,2023,passing_yards,199.0,249,0.7972712276596104,1,0
00-0038579,2023,passing_yards,199.0,244,0.986838400176391,1,0
00-0039152,2023,passing_yards,199.0,16,0.8227684713806507,0,0
00-0037013,2023,passing_yards,199.0,263,0.9226111943397624,1,0
00-0033077,2023,passing_yards,199.0,189,0.9999994693586381,0,0
00-0029263,2023,passing_yards,199.0,95,0.9773149457196613,0,0
00-0034857,2023,passing_yards,199.0,320,0.9980027036983605,1,0
00-0029263,2023,passing_yards,199.0,177,0.9470431139887031,0,0
00-0036971,2023,passing_yards,199.0,315,0.9281396414837193,1,0
00-0039152,2023,passing_yards,199.0,327,0.9045560290630609,1,0
00-0034796,2023,passing_yards,199.0,272,0.9907058008359605,1,0
00-0035289,2023,passing_yards,199.0,141,0.9772039954484136,0,0
00-0036389,2023,passing_yards,199.0,207,0.9994143535053394,1,0
00-0037077,2023,passing_yards,199.0,290,0.8417742137676782,1,0
00-0034857,2023,passing_yards,199.0,258,0.9998540569888158,1,0
00-0033873,2023,passing_yards,199.0,305,0.9516167708332453,1,0
00-0029263,2023,passing_yards,199.0,306,0.9810785309254832,1,0
00-0037834,2023,passing_yards,199.0,296,0.9961331409394912,1,0
00-0029604,2023,passing_yards,199.0,181,0.9998104920997612,0,0
00-0034796,2023,passing_yards,199.0,171,0.6781168751564748,0,0
00-0033873,2023,passing_yards,199.0,215,0.9986545221511104,1,0
00-0031280,2023,passing_yards,199.0,119,0.9606620148836995,0,0
00-0031280,2023,passing_yards,199.0,183,0.6776458432637993,0,0
00-0036389,2023,passing_yards,199.0,150,0.9994143535053394,0,0
00-0036389,2023,passing_yards,199.0,143,0.6666616408822265,0,0
00-0038416,2023,passing_yards,199.0,220,0.6919904180423719,1,0
00-0037834,2023,passing_yards,199.0,267,0.9966103554893606,1,0
00-0039150,2023,passing_yards,199.0,217,0.7116284117286206,1,0
00-0036355,2023,passing_yards,199.0,212,0.9977333717066786,1,0
00-0036972,2023,passing_yards,199.0,150,0.9739512831684378,0,0
00-0036264,2023,passing_yards,199.0,289,0.833935120458597,1,0
00-0031800,2023,passing_yards,199.0,55,0.9579359008143872,0,0
00-0034855,2023,passing_yards,199.0,146,0.8220437851121432,0,0
00-0035289,2023,passing_yards,199.0,240,0.912887984366784,1,0
00-0039163,2023,passing_yards,199.0,140,0.9997539789274931,0,0
00-0035100,2023,passing_yards,199.0,156,0.9997339940272405,0,0
00-0033106,2023,passing_yards,199.0,323,0.9963701774757526,1,0
00-0033949,2023,passing_yards,199.0,235,0.8784790991081893,1,0
00-0030565,2023,passing_yards,199.0,110,0.9804091387014235,0,0
00-0039150,2023,passing_yards,199.0,173,0.7752591810055476,0,0
00-0037834,2023,passing_yards,199.0,242,0.9998239823782916,1,0
00-0031800,2023,passing_yards,199.0,268,0.9001554787641393,1,0
00-0037013,2023,passing_yards,199.0,245,0.635810811982175,1,0
00-0031800,2023,passing_yards,199.0,175,0.6545726642122042,0,0
00-0036972,2023,passing_yards,199.0,316,0.9210814114386392,1,0
00-0036972,2023,passing_yards,199.0,220,0.858971101901191,1,0
00-0037013,2023,passing_yards,199.0,186,0.8068509479240831,0,0
00-0035289,2023,passing_yards,199.0,215,0.9269910760582214,1,0
00-0039163,2023,passing_yards,199.0,91,0.9996109963313752,0,0
00-0036212,2023,passing_yards,199.0,249,0.9998666052855676,1,0
00-0033873,2023,passing_yards,199.0,235,0.994130255109288,1,0
00-0031280,2023,passing_yards,199.0,226,0.986399571171859,1,0
00-0036212,2023,passing_yards,199.0,293,0.9981679254291556,1,0
00-0026498,2023,passing_yards,199.0,231,0.9963701774757526,1,0
00-0037077,2023,passing_yards,199.0,249,0.9972320340138608,1,0
00-0038579,2023,passing_yards,199.0,171,0.8503254919005343,0,0
00-0039163,2023,passing_yards,199.0,213,0.9984195560715172,1,0
00-0029263,2023,passing_yards,199.0,196,0.996859582915549,0,0
00-0033106,2023,passing_yards,199.0,236,0.9998060607680586,1,0
00-0038122,2023,passing_yards,199.0,115,0.8227759422725855,0,0
00-0036442,2023,passing_yards,199.0,317,0.8779494844130544,1,0
00-0033537,2023,passing_yards,199.0,213,0.6375163475996573,1,0
00-0029263,2023,passing_yards,199.0,194,0.8600524465232077,0,0
00-0037077,2023,passing_yards,199.0,300,0.9999595371493065,1,0
00-0034855,2023,passing_yards,199.0,202,0.9759911681952101,1,0
00-0033949,2023,passing_yards,199.0,185,0.8514422295989447,0,0
00-0036212,2023,passing_yards,199.0,173,0.9951981160819148,0,0
00-0038579,2023,passing_yards,199.0,299,0.7944896762187652,1,0
00-0033873,2023,passing_yards,199.0,245,0.9966348850746538,1,0
00-0035289,2023,passing_yards,199.0,312,0.8803093907290276,1,0
00-0026498,2023,passing_yards,199.0,229,0.6191644326253927,1,0
00-0026498,2023,passing_yards,199.0,319,0.984937617837035,1,0
00-0039150,2023,passing_yards,199.0,112,0.8073823799984217,0,0
00-0030565,2023,passing_yards,199.0,189,0.9929136413673985,0,0
00-0033949,2023,passing_yards,199.0,221,0.8085264404310325,1,0
00-0038122,2023,passing_yards,199.0,39,0.9763340445705396,0,0
00-0036972,2023,passing_yards,199.0,272,0.8292169131479072,1,0
00-0033537,2023,passing_yards,199.0,235,0.6125687155283268,1,0
00-0037013,2023,passing_yards,199.0,199,0.7244282354524938,0,1
00-0034857,2023,passing_yards,199.0,265,0.9972320340138608,1,0
00-0035228,2023,passing_yards,199.0,232,0.878684403928061,1,0
00-0039164,2023,passing_yards,199.0,56,0.7580638008379883,0,0
00-0033873,2023,passing_yards,199.0,226,0.9925813658853452,1,0
00-0036389,2023,passing_yards,199.0,167,0.8601352461221925,0,0
00-0032156,2023,passing_yards,199.0,70,0.7054366840145835,0,0
00-0031280,2023,passing_yards,199.0,310,0.6033590507005852,1,0
00-0038102,2023,passing_yards,199.0,73,0.9438886310956034,0,0
00-0026498,2023,passing_yards,199.0,226,0.9995081347369025,1,0
00-0039152,2023,passing_yards,199.0,224,0.8025328413315489,1,0
00-0033949,2023,passing_yards,199.0,189,0.6100762197332046,0,0
00-0036355,2023,passing_yards,199.0,323,0.8058561653543984,1,0
00-0033106,2023,passing_yards,199.0,320,0.9991595246248935,1,0
00-0035657,2023,rushing_yards,17.0,15,0.8256424803709443,0,0
00-0037286,2023,rushing_yards,17.0,4,0.784072497221027,0,0
00-0033856,2023,rushing_yards,17.0,20,0.798153046710776,1,0
00-0036875,2023,rushing_yards,17.0,87,0.9973561220849513,1,0
00-0036265,2023,rushing_yards,17.0,12,0.9999889072057428,0,0
00-0036567,2023,rushing_yards,17.0,10,0.9943711162093982,0,0
00-0036251,2023,rushing_yards,17.0,122,0.9999999999659742,1,0
00-0038389,2023,rushing_yards,17.0,6,0.6969135922376362,0,0
00-0033357,2023,rushing_yards,17.0,2,0.9315562985699386,0,0
00-0033893,2023,rushing_yards,17.0,23,0.9072262081634475,1,0
00-0039032,2023,rushing_yards,17.0,27,0.8819250321567923,1,0
00-0037746,2023,rushing_yards,17.0,45,0.9999998415073481,1,0
00-0035719,2023,rushing_yards,17.0,11,0.6835549604253381,0,0
00-0038134,2023,rushing_yards,17.0,54,0.9992214936620231,1,0
00-0038555,2023,rushing_yards,17.0,10,0.6990243431446775,0,0
00-0036275,2023,rushing_yards,17.0,74,0.9999151764309051,1,0
00-0033906,2023,rushing_yards,17.0,51,0.9999710643032881,1,0
00-0033553,2023,rushing_yards,17.0,128,0.9999977548068352,1,0
00-0030513,2023,rushing_yards,17.0,8,0.9196092701961465,0,0
00-0039032,2023,rushing_yards,17.0,34,0.8822235936806291,1,0
00-0038794,2023,rushing_yards,17.0,44,0.6714872626935372,1,0
00-0031687,2023,rushing_yards,17.0,9,0.9999940268944364,0,0
00-0036971,2023,rushing_yards,17.0,42,0.600468009451299,1,0
00-0037157,2023,rushing_yards,17.0,13,0.9588756969443079,0,0
00-0036265,2023,rushing_yards,17.0,29,0.999694979674549,1,0
00-0036139,2023,rushing_yards,17.0,4,0.826730919835287,0,0
00-0038542,2023,rushing_yards,17.0,105,0.9999963408114452,1,0
00-0036493,2023,rushing_yards,17.0,2,0.9578099062426336,0,0
00-0035243,2023,rushing_yards,17.0,74,0.9735340165940658,1,0
00-0031687,2023,rushing_yards,17.0,42,0.9999999172709324,1,0
00-0036875,2023,rushing_yards,17.0,59,0.9992017122173936,1,0
00-0036389,2023,rushing_yards,17.0,34,0.9964355531804403,1,0
00-0036139,2023,rushing_yards,17.0,46,0.8051779483876246,1,0
00-0036555,2023,rushing_yards,17.0,35,0.9841347548150398,1,0
00-0037267,2023,rushing_yards,17.0,31,0.9999983602117253,1,0
00-0034414,2023,rushing_yards,17.0,2,0.6267245164742352,0,0
00-0036875,2023,rushing_yards,17.0,30,0.9998139814261825,1,0
00-0037746,2023,rushing_yards,17.0,53,0.9998838992283039,1,0
00-0036425,2023,rushing_yards,17.0,4,0.8589641727329157,0,0
00-0033925,2023,rushing_yards,17.0,65,0.9999579859866099,1,0
00-0036389,2023,rushing_yards,17.0,35,0.9932968025699389,1,0
00-0035228,2023,rushing_yards,17.0,32,0.8592530542191441,1,0
00-0034184,2023,rushing_yards,17.0,26,0.9999805176834159,1,0
00-0033948,2023,rushing_yards,17.0,45,0.9999991961859479,1,0
00-0036355,2023,rushing_yards,17.0,47,0.7048238673496015,1,0
00-0037248,2023,rushing_yards,17.0,79,0.9999973949928662,1,0
00-0034184,2023,rushing_yards,17.0,68,0.9988320669588602,1,0
00-0038951,2023,rushing_yards,17.0,7,0.6533164653617389,0,0
00-0036275,2023,rushing_yards,17.0,43,0.9999869037959317,1,0
00-0039040,2023,rushing_yards,17.0,24,0.9998317968935803,1,0
00-0035228,2023,rushing_yards,17.0,33,0.8535433395604706,1,0
00-0035860,2023,rushing_yards,17.0,5,0.5873172401031941,0,0
00-0036355,2023,rushing_yards,17.0,1,0.6599210615554512,0,0
00-0033948,2023,rushing_yards,17.0,8,0.859338108528739,0,0
00-0039164,2023,rushing_yards,17.0,56,0.9360620905430328,1,0
00-0036414,2023,rushing_yards,17.0,8,0.999957338151243,0,0
00-0037248,2023,rushing_yards,17.0,98,0.9999735747700178,1,0
00-0037746,2023,rushing_yards,17.0,23,0.9999227482454213,1,0
00-0034796,2023,rushing_yards,17.0,41,0.9883885544280321,1,0
00-0036370,2023,rushing_yards,17.0,75,0.9906938821970357,1,0
00-0032764,2023,rushing_yards,17.0,20,0.9999999999994396,1,0
00-0036555,2023,rushing_yards,17.0,88,0.928808566101169,1,0
00-0037248,2023,rushing_yards,17.0,43,0.9999937213371545,1,0
00-0039163,2023,rushing_yards,17.0,1,0.6404555841637848,0,0
00-0038542,2023,rushing_yards,17.0,3,0.9999990524976128,0,0
00-0036251,2023,rushing_yards,17.0,70,0.999999999939386,1,0
00-0036997,2023,rushing_yards,17.0,46,0.9999984189206751,1,0
00-0037258,2023,rushing_yards,17.0,6,0.7971795441064162,0,0
00-0033897,2023,rushing_yards,17.0,69,0.9999994869262709,1,0
00-0036328,2023,rushing_yards,17.0,19,0.9546523920705198,1,0
00-0028118,2023,rushing_yards,17.0,21,0.6300419302457686,1,0
00-0033897,2023,rushing_yards,17.0,87,0.9999998420884457,1,0
00-0036275,2023,rushing_yards,17.0,70,0.9999999999142403,1,0
00-0037256,2023,rushing_yards,17.0,100,0.999892397732857,1,0
00-0037263,2023,rushing_yards,17.0,69,0.9884738389220047,1,0
00-0033280,2023,rushing_yards,17.0,90,0.999999989464679,1,0
00-0037746,2023,rushing_yards,17.0,10,0.999999958802376,0,0
00-0033077,2023,rushing_yards,17.0,6,0.7116140057175775,0,0
00-0036875,2023,rushing_yards,17.0,34,0.9994361801761932,1,0
00-0029263,2023,rushing_yards,17.0,1,0.9245305839455762,0,0
00-0032268,2023,rushing_yards,17.0,46,0.7161640677306789,1,0
00-0039165,2023,rushing_yards,17.0,31,0.7472904066716417,1,0
00-0036924,2023,rushing_yards,17.0,17,0.6606911099763714,0,1
00-0037840,2023,rushing_yards,17.0,114,0.9999999999999977,1,0
00-0029263,2023,rushing_yards,17.0,49,0.6046432365038799,1,0
00-0036555,2023,rushing_yards,17.0,23,0.9999939811544782,1,0
00-0036875,2023,rushing_yards,17.0,24,0.9998056877002854,1,0
00-0033280,2023,rushing_yards,17.0,145,0.9999999920053817,1,0
00-0036555,2023,rushing_yards,17.0,60,0.9999769746106896,1,0
00-0039021,2023,rushing_yards,17.0,32,0.7595161271336599,1,0
00-0030578,2023,rushing_yards,17.0,20,0.6157607411728299,1,0
00-0034796,2023,rushing_yards,17.0,39,0.9924515772099075,1,0
00-0031687,2023,rushing_yards,17.0,43,0.9999998639040794,1,0
00-0038685,2023,rushing_yards,17.0,28,0.9999174694938346,1,0
00-0036139,2023,rushing_yards,17.0,11,0.7887884059258601,0,0
00-0036370,2023,rushing_yards,17.0,12,0.9900014445006684,0,0
00-0034184,2023,rushing_yards,17.0,20,0.999955508445743,1,0
00-0038542,2023,rushing_yards,17.0,28,0.9999212592823696,1,0
00-0039150,2023,rushing_yards,17.0,34,0.6104921708324738,1,0
00-0035685,2023,rushing_yards,17.0,66,0.999997923111429,1,0
00-0033906,2023,rushing_yards,17.0,56,0.9999941314887348,1,0
00-0030279,2023,receiving_yards,23.0,77,0.9998326399861734,1,0
00-0035662,2023,receiving_yards,23.0,34,0.9946448850201562,1,0
00-0032765,2023,receiving_yards,23.0,9,0.924534040441547,0,0
00-0036358,2023,receiving_yards,23.0,117,0.9994629830759502,1,0
00-0038543,2023,receiving_yards,23.0,12,0.9707549965075203,0,0
00-0030564,2023,receiving_yards,23.0,124,0.9979815053079777,1,0
00-0036290,2023,receiving_yards,23.0,43,0.9267152127010809,1,0
00-0032543,2023,receiving_yards,23.0,29,0.7846473962174638,1,0
00-0036252,2023,receiving_yards,23.0,97,0.9605642579658911,1,0
00-0034827,2023,receiving_yards,23.0,68,0.9995450258950772,1,0
00-0038994,2023,receiving_yards,23.0,82,0.9889204974446048,1,0
00-0034351,2023,receiving_yards,23.0,50,0.9911619740234632,1,0
00-0038544,2023,receiving_yards,23.0,17,0.8844409418819058,0,0
00-0030061,2023,receiving_yards,23.0,19,0.8539482723988104,0,0
00-0035662,2023,receiving_yards,23.0,28,0.9635606830340349,1,0
00-0039064,2023,receiving_yards,23.0,7,0.9243829080308267,0,0
00-0037091,2023,receiving_yards,23.0,19,0.9476615183212184,0,0
00-0035640,2023,receiving_yards,23.0,32,0.9995227656965935,1,0
00-0037809,2023,receiving_yards,23.0,62,0.7461455744757874,1,0
00-0038994,2023,receiving_yards,23.0,2,0.9888249041353666,0,0
00-0033280,2023,receiving_yards,23.0,17,0.6301556717642028,0,0
00-0033040,2023,receiving_yards,23.0,88,0.9994839635144552,1,0
00-0037744,2023,receiving_yards,23.0,34,0.9957147044626758,1,0
00-0036261,2023,receiving_yards,23.0,55,0.9992518951813477,1,0
00-0039064,2023,receiving_yards,23.0,43,0.9170200598777368,1,0
00-0036309,2023,receiving_yards,23.0,5,0.6882089572963037,0,0
00-0031381,2023,receiving_yards,23.0,4,0.9996485524916705,0,0
00-0038542,2023,receiving_yards,23.0,103,0.6159623154102354,1,0
00-0033921,2023,receiving_yards,23.0,81,0.9980366753509813,1,0
00-0035229,2023,receiving_yards,23.0,50,0.9837888304602915,1,0
00-0036407,2023,receiving_yards,23.0,11,0.9064777498913614,0,0
00-0034272,2023,receiving_yards,23.0,13,0.7528598722722621,0,0
00-0036849,2023,receiving_yards,23.0,50,0.9725374765387824,1,0
00-0036980,2023,receiving_yards,23.0,12,0.9521177124270069,0,0
00-0033045,2023,receiving_yards,23.0,27,0.7475846178991669,1,0
00-0039064,2023,receiving_yards,23.0,75,0.99821060163994,1,0
00-0034383,2023,receiving_yards,23.0,42,0.940619434052965,1,0
00-0037809,2023,receiving_yards,23.0,45,0.6523344209852321,1,0
00-0031544,2023,receiving_yards,23.0,37,0.9751186779844242,1,0
00-0034753,2023,receiving_yards,23.0,44,0.9966674625483425,1,0
00-0035535,2023,receiving_yards,23.0,62,0.8900939026823351,1,0
00-0031236,2023,receiving_yards,23.0,22,0.9952556515093335,0,0
00-0038543,2023,receiving_yards,23.0,48,0.9698647833336669,1,0
00-0037809,2023,receiving_yards,23.0,23,0.7152282064745478,0,1
00-0033881,2023,receiving_yards,23.0,82,0.9719426425796818,1,0
00-0038041,2023,receiving_yards,23.0,77,0.6345077927948384,1,0
00-0037545,2023,receiving_yards,23.0,28,0.8456476622538288,1,0
00-0036980,2023,receiving_yards,23.0,36,0.6171579818568421,1,0
00-0031235,2023,receiving_yards,23.0,40,0.78589483117778,1,0
00-0036309,2023,receiving_yards,23.0,51,0.8441591111052383,1,0
00-0035689,2023,receiving_yards,23.0,25,0.908915692349102,1,0
00-0036970,2023,receiving_yards,23.0,44,0.9566872535874867,1,0
00-0032211,2023,receiving_yards,23.0,89,0.9816769111253714,1,0
00-0033090,2023,receiving_yards,23.0,27,0.7324218610890509,1,0
00-0033881,2023,receiving_yards,23.0,79,0.9991796160910476,1,0
00-0031544,2023,receiving_yards,23.0,16,0.9946805968146617,0,0
00-0033110,2023,receiving_yards,23.0,49,0.9198466860880667,1,0
00-0034837,2023,receiving_yards,23.0,53,0.9981105355570358,1,0
00-0038997,2023,receiving_yards,23.0,32,0.929603661289244,1,0
00-0034837,2023,receiving_yards,23.0,122,0.9744652958673328,1,0
00-0034960,2023,receiving_yards,23.0,19,0.9982795967638124,0,0
00-0037238,2023,receiving_yards,23.0,56,0.9741692942461571,1,0
00-0038124,2023,receiving_yards,23.0,91,0.9646949110223679,1,0
00-0033282,2023,receiving_yards,23.0,51,0.5824935228648652,1,0
00-0038542,2023,receiving_yards,23.0,32,0.6656383754855244,1,0
00-0037744,2023,receiving_yards,23.0,131,0.9800470475155885,1,0
00-0033895,2023,receiving_yards,23.0,42,0.9059262286957563,1,0
00-0033040,2023,receiving_yards,23.0,157,0.9999236653053839,1,0
00-0039075,2023,receiving_yards,23.0,32,0.9994761039566662,1,0
00-0030506,2023,receiving_yards,23.0,116,0.9850727580037385,1,0
00-0031544,2023,receiving_yards,23.0,90,0.9681946183248721,1,0
00-0030035,2023,receiving_yards,23.0,2,0.9934853360090774,0,0
00-0036963,2023,receiving_yards,23.0,87,0.999951181505708,1,0
00-0036328,2023,receiving_yards,23.0,42,0.5851653204368578,1,0
00-0036963,2023,receiving_yards,23.0,112,0.9981856794336597,1,0
00-0038543,2023,receiving_yards,23.0,34,0.6574363730613688,1,0
00-0038393,2023,receiving_yards,23.0,29,0.9438873472500878,1,0
00-0034348,2023,receiving_yards,23.0,2,0.8429730600096969,0,0
00-0036182,2023,receiving_yards,23.0,9,0.7981094081565618,0,0
00-0035689,2023,receiving_yards,23.0,10,0.785162458279075,0,0
00-0035535,2023,receiving_yards,23.0,21,0.7447932594691948,0,0
00-0035640,2023,receiving_yards,23.0,75,0.9964532597657538,1,0
00-0036410,2023,receiving_yards,23.0,61,0.9457855359987068,1,0
00-0037273,2023,receiving_yards,23.0,15,0.6568972050612787,0,0
00-0033282,2023,receiving_yards,23.0,100,0.6893390073483824,1,0
00-0031610,2023,receiving_yards,23.0,36,0.8861720123444261,1,0
00-0037238,2023,receiving_yards,23.0,55,0.9983663595914987,1,0
00-0034753,2023,receiving_yards,23.0,65,0.993940761003438,1,0
00-0035500,2023,receiving_yards,23.0,15,0.7997426191979984,0,0
00-0033906,2023,receiving_yards,23.0,4,0.5919000976974627,0,0
00-0034753,2023,receiving_yards,23.0,23,0.9852744763998668,0,1
00-0034827,2023,receiving_yards,23.0,52,0.9998020427333085,1,0
00-0036196,2023,receiving_yards,23.0,6,0.9445257658768331,0,0
00-0037834,2024,passing_yards,205.5,325,0.6813186550196332,1,0
00-0034869,2024,passing_yards,205.5,259,0.6813186550196332,1,0
00-0036355,2024,passing_yards,205.5,147,0.9069905564294447,0,0
00-0031280,2024,passing_yards,205.5,248,0.6521630116930671,1,0
00-0035228,2024,passing_yards,205.5,259,0.9847129571031592,1,0
00-0033873,2024,passing_yards,205.5,217,0.7439360537869342,1,0
00-0034857,2024,passing_yards,205.5,148,0.998439428549327,0,0
00-0039910,2024,passing_yards,205.5,269,0.7748681442696006,1,0
00-0039163,2024,passing_yards,205.5,260,0.7618940278406364,1,0
00-0036389,2024,passing_yards,205.5,183,0.6813186550196332,0,0
00-0036971,2024,passing_yards,205.5,234,0.9753463258409703,1,0
00-0026498,2024,passing_yards,205.5,154,0.980382348535535,0,0
00-0033319,2024,passing_yards,205.5,24,0.936250461393098,0,0
00-0026158,2024,passing_yards,205.5,168,0.9977529637460059,0,0
00-0031503,2024,passing_yards,205.5,497,0.9847129571031592,1,0
00-0035228,2024,passing_yards,205.5,285,0.7569923279846783,1,0
00-0036972,2024,passing_yards,205.5,225,0.8629072668123838,1,0
00-0034855,2024,passing_yards,205.5,116,0.998439428549327,0,0
00-0039152,2024,passing_yards,205.5,89,0.8408691596859081,0,0
00-0033077,2024,passing_yards,205.5,379,0.9978788310872732,1,0
00-0039163,2024,passing_yards,205.5,244,0.6813186550196332,1,0
00-0030565,2024,passing_yards,205.5,289,0.9101310446443311,1,0
00-0039163,2024,passing_yards,205.5,50,0.6813186550196332,0,0
00-0033873,2024,passing_yards,205.5,291,0.9940234283480253,1,0
00-0035228,2024,passing_yards,205.5,321,0.9032673481782398,1,0
00-0033106,2024,passing_yards,205.5,231,0.9999936025829264,1,0
00-0036442,2024,passing_yards,205.5,258,0.9720538971064753,1,0
00-0033873,2024,passing_yards,205.5,266,0.9940234283480253,1,0
00-0033873,2024,passing_yards,205.5,159,0.9847129571031592,0,0
00-0033106,2024,passing_yards,205.5,199,0.9917387736567094,0,0
00-0039918,2024,passing_yards,205.5,148,0.5853203414333606,0,0
00-0029604,2024,passing_yards,205.5,173,0.9997646031648061,0,0
00-0034855,2024,passing_yards,205.5,185,0.9988932474021036,0,0
00-0036971,2024,passing_yards,205.5,308,0.9490525232043373,1,0
00-0035228,2024,passing_yards,205.5,195,0.5993256927387204,0,0
00-0034857,2024,passing_yards,205.5,237,0.5940757042524503,1,0
00-0035710,2024,passing_yards,205.5,264,0.6022067053162993,1,0
00-0036389,2024,passing_yards,205.5,158,0.7318122344809774,0,0
00-0026498,2024,passing_yards,205.5,221,0.9996052881463979,1,0
00-0023459,2024,passing_yards,205.5,211,0.9689281967013702,1,0
00-0023459,2024,passing_yards,205.5,274,0.9131284877433374,1,0
00-0034869,2024,passing_yards,205.5,241,0.9847129571031592,1,0
00-0026158,2024,passing_yards,205.5,189,0.9982880281034843,0,0
00-0037834,2024,passing_yards,205.5,260,0.9940234283480253,1,0
00-0035228,2024,passing_yards,205.5,266,0.6569450857247695,1,0
00-0029604,2024,passing_yards,205.5,306,0.9990470833131659,1,0
00-0033106,2024,passing_yards,205.5,307,0.9981172053125814,1,0
00-0033077,2024,passing_yards,205.5,179,0.9987674054083142,0,0
00-0034857,2024,passing_yards,205.5,127,0.9879277884706095,0,0
00-0039851,2024,passing_yards,205.5,202,0.8629072668123838,0,0
00-0036264,2024,passing_yards,205.5,389,0.995722914498838,1,0
00-0036264,2024,passing_yards,205.5,206,0.8539528364087419,1,0
00-0034855,2024,passing_yards,205.5,200,0.9987674054083142,0,0
00-0026158,2024,passing_yards,205.5,179,0.9940234283480253,0,0
00-0029263,2024,passing_yards,205.5,195,0.9558025417187341,0,0
00-0039910,2024,passing_yards,205.5,6,0.9106596739056806,0,0
00-0036971,2024,passing_yards,205.5,162,0.9847129571031592,0,0
00-0033873,2024,passing_yards,205.5,291,0.9453376134702802,1,0
00-0039910,2024,passing_yards,205.5,38,0.9503325229734186,0,0
00-0039150,2024,passing_yards,205.5,158,0.7569923279846783,0,0
00-0034869,2024,passing_yards,205.5,166,0.9982880281034843,0,0
00-0035228,2024,passing_yards,205.5,202,0.9940234283480253,0,0
00-0033077,2024,passing_yards,205.5,243,0.9982880281034843,1,0
00-0039918,2024,passing_yards,205.5,226,0.7569923279846783,1,0
00-0036212,2024,passing_yards,205.5,338,0.8054693319234578,1,0
00-0039732,2024,passing_yards,205.5,263,0.9453376134702802,1,0
00-0034857,2024,passing_yards,205.5,342,0.5935066833620364,1,0
00-0039163,2024,passing_yards,205.5,242,0.9453376134702802,1,0
00-0036355,2024,passing_yards,205.5,164,0.9940234283480253,0,0
00-0039163,2024,passing_yards,205.5,191,0.9476136178697095,0,0
00-0034869,2024,passing_yards,205.5,290,0.7618940278406364,1,0
00-0039910,2024,passing_yards,205.5,206,0.901186418990318,1,0
00-0039150,2024,passing_yards,205.5,191,0.6750480125653948,0,0
00-0036355,2024,passing_yards,205.5,281,0.6750480125653948,1,0
00-0030565,2024,passing_yards,205.5,395,0.9847129571031592,1,0
00-0026158,2024,passing_yards,205.5,264,0.9906880657498792,1,0
00-0033873,2024,passing_yards,205.5,177,0.989336752303625,0,0
00-0023459,2024,passing_yards,205.5,112,0.9847129571031592,0,0
00-0033106,2024,passing_yards,205.5,217,0.998718168921545,1,0
00-0036212,2024,passing_yards,205.5,196,0.9967104497918625,0,0
00-0023459,2024,passing_yards,205.5,184,0.9088771270679128,0,0
00-0031503,2024,passing_yards,205.5,146,0.9978788310872732,0,0
00-0034796,2024,passing_yards,205.5,207,0.9494091420205307,1,0
00-0034771,2024,passing_yards,205.5,252,0.6048174909754116,1,0
00-0039163,2024,passing_yards,205.5,345,0.8629072668123838,1,0
00-0034855,2024,passing_yards,205.5,235,0.9841615482961052,1,0
00-0033873,2024,passing_yards,205.5,151,0.9148735387910163,0,0
00-0031280,2024,passing_yards,205.5,142,0.964876502099485,0,0
00-0036264,2024,passing_yards,205.5,224,0.9974635942737519,1,0
00-0034857,2024,passing_yards,205.5,182,0.9932628780232641,0,0
00-0035228,2024,passing_yards,205.5,260,0.8629072668123838,1,0
00-0036972,2024,passing_yards,205.5,247,0.6048174909754116,1,0
00-0036389,2024,passing_yards,205.5,114,0.9223567371708965,0,0
00-0034796,2024,passing_yards,205.5,290,0.9989181894579194,1,0
00-0029604,2024,passing_yards,205.5,232,0.9996699794555118,1,0
00-0039918,2024,passing_yards,205.5,191,0.7569923279846783,0,0
00-0030565,2024,passing_yards,205.5,254,0.9940234283480253,1,0
00-0026498,2024,passing_yards,205.5,183,0.9982880281034843,0,0
00-0034857,2024,passing_yards,205.5,154,0.9265293036832662,0,0
00-0036875,2024,rushing_yards,18.0,60,0.99999849931271,1,0
00-0037834,2024,rushing_yards,18.0,4,0.8348512701127122,0,0
00-0036158,2024,rushing_yards,18.0,26,0.9999864780795658,1,0
00-0031687,2024,rushing_yards,18.0,56,0.9907889836098204,1,0
00-0033045,2024,rushing_yards,18.0,17,0.5923049569613319,0,0
00-0035685,2024,rushing_yards,18.0,73,0.9998271031057576,1,0
00-0036158,2024,rushing_yards,18.0,56,0.999999934388837,1,0
00-0039875,2024,rushing_yards,18.0,41,0.9688096106568289,1,0
00-0039910,2024,rushing_yards,18.0,27,0.9999996502168305,1,0
00-0036275,2024,rushing_yards,18.0,59,0.999999992353691,1,0
00-0034844,2024,rushing_yards,18.0,159,0.9999999998127996,1,0
00-0029263,2024,rushing_yards,18.0,3,0.6597525679657602,0,0
00-0036893,2024,rushing_yards,18.0,74,0.9980433054674527,1,0
00-0036389,2024,rushing_yards,18.0,41,0.996735620033771,1,0
00-0034184,2024,rushing_yards,18.0,19,0.9629957260237607,1,0
00-0038128,2024,rushing_yards,18.0,23,0.5880895097978622,1,0
00-0039910,2024,rushing_yards,18.0,50,0.9930529908411356,1,0
00-0036973,2024,rushing_yards,18.0,68,0.9999499630442782,1,0
00-0038134,2024,rushing_yards,18.0,83,0.9999051994607068,1,0
00-0036997,2024,rushing_yards,18.0,23,0.9994378778329795,1,0
00-0033357,2024,rushing_yards,18.0,14,0.6626380916698756,0,0
00-0039921,2024,rushing_yards,18.0,10,0.6935038808370497,0,0
00-0037267,2024,rushing_yards,18.0,5,0.9833062014919933,0,0
00-0036875,2024,rushing_yards,18.0,73,0.9999735680236714,1,0
00-0039165,2024,rushing_yards,18.0,57,0.9999950452197981,1,0
00-0037746,2024,rushing_yards,18.0,36,0.9941822650992893,1,0
00-0039021,2024,rushing_yards,18.0,8,0.8507304988751563,0,0
00-0036389,2024,rushing_yards,18.0,25,0.9194975964203114,1,0
00-0039851,2024,rushing_yards,18.0,59,0.6860370804631054,1,0
00-0038040,2024,rushing_yards,18.0,13,0.9998848768847811,0,0
00-0037248,2024,rushing_yards,18.0,44,0.9999926463116305,1,0
00-0033923,2024,rushing_yards,18.0,20,0.992638280469067,1,0
00-0034975,2024,rushing_yards,18.0,2,0.7096396723932268,0,0
00-0039361,2024,rushing_yards,18.0,22,0.9997898937331601,1,0
00-0035228,2024,rushing_yards,18.0,83,0.6448500072884187,1,0
00-0039732,2024,rushing_yards,18.0,4,0.9599184041648877,0,0
00-0036945,2024,rushing_yards,18.0,57,0.9998285469099871,1,0
00-0038542,2024,rushing_yards,18.0,116,0.9999999871753144,1,0
00-0039874,2024,rushing_yards,18.0,86,0.638524278214432,1,0
00-0033699,2024,rushing_yards,18.0,21,0.945839352769783,1,0
00-0037248,2024,rushing_yards,18.0,105,0.9998158788760362,1,0
00-0032104,2024,rushing_yards,18.0,8,0.7786854904132355,0,0
00-0036275,2024,rushing_yards,18.0,53,0.998855622763118,1,0
00-0037256,2024,rushing_yards,18.0,1,0.9990826253589815,0,0
00-0034184,2024,rushing_yards,18.0,23,0.9421062785648749,1,0
00-0039875,2024,rushing_yards,18.0,63,0.5729913537206888,1,0
00-0036223,2024,rushing_yards,18.0,35,0.9999999878303013,1,0
00-0036223,2024,rushing_yards,18.0,48,0.9999999999844965,1,0
00-0035250,2024,rushing_yards,18.0,3,0.75216742719697,0,0
00-0037228,2024,rushing_yards,18.0,42,0.9851708508816207,1,0
00-0036158,2024,rushing_yards,18.0,40,0.9999973356664854,1,0
00-0038794,2024,rushing_yards,18.0,22,0.7068444176649854,1,0
00-0033897,2024,rushing_yards,18.0,26,0.999999713195606,1,0
00-0035261,2024,rushing_yards,18.0,119,0.999999860134272,1,0
00-0039040,2024,rushing_yards,18.0,30,0.999976316007396,1,0
00-0037248,2024,rushing_yards,18.0,67,0.999999740046703,1,0
00-0037267,2024,rushing_yards,18.0,37,0.9947027015967409,1,0
00-0039032,2024,rushing_yards,18.0,47,0.8551304414316221,1,0
00-0037263,2024,rushing_yards,18.0,43,0.7993697607738897,1,0
00-0039875,2024,rushing_yards,18.0,12,0.753347720137306,0,0
00-0036893,2024,rushing_yards,18.0,102,0.9999997096989923,1,0
00-0035250,2024,rushing_yards,18.0,11,0.9998125082159852,0,0
00-0039164,2024,rushing_yards,18.0,46,0.9994998174500812,1,0
00-0038797,2024,rushing_yards,18.0,46,0.5791937864424717,1,0
00-0037840,2024,rushing_yards,18.0,76,0.9999998934259686,1,0
00-0037248,2024,rushing_yards,18.0,100,0.9999958715637122,1,0
00-0038120,2024,rushing_yards,18.0,52,0.9999898064995689,1,0
00-0036555,2024,rushing_yards,18.0,104,0.9999989487351155,1,0
00-0039918,2024,rushing_yards,18.0,39,0.9037787587194233,1,0
00-0032764,2024,rushing_yards,18.0,73,0.9999999999999993,1,0
00-0039384,2024,rushing_yards,18.0,32,0.9999965488285686,1,0
00-0039361,2024,rushing_yards,18.0,88,0.9999568593637703,1,0
00-0036223,2024,rushing_yards,18.0,57,0.9999999730774494,1,0
00-0037276,2024,rushing_yards,18.0,5,0.9878848744911509,0,0
00-0039921,2024,rushing_yards,18.0,20,0.9398193237736964,1,0
00-0039325,2024,rushing_yards,18.0,12,0.824347488965619,0,0
00-0039139,2024,rushing_yards,18.0,105,0.9999999999999998,1,0
00-0031687,2024,rushing_yards,18.0,80,0.994368304634785,1,0
00-0033923,2024,rushing_yards,18.0,102,0.9342374709074277,1,0
00-0037840,2024,rushing_yards,18.0,69,0.9999999998171496,1,0
00-0038542,2024,rushing_yards,18.0,86,0.9999992520743547,1,0
00-0038555,2024,rushing_yards,18.0,33,0.9876819561150646,1,0
00-0036158,2024,rushing_yards,18.0,63,0.9999897155562786,1,0
00-0036096,2024,rushing_yards,18.0,3,0.6463325817071426,0,0
00-0039163,2024,rushing_yards,18.0,5,0.5927316170469696,0,0
00-0037197,2024,rushing_yards,18.0,18,0.9996853146001151,0,1
00-0038542,2024,rushing_yards,18.0,94,0.9999999999270245,1,0
00-0034844,2024,rushing_yards,18.0,108,0.9999999999882241,1,0
00-0033955,2024,rushing_yards,18.0,9,0.5993867091177257,0,0
00-0037525,2024,rushing_yards,18.0,5,0.9995873064956439,0,0
00-0036414,2024,rushing_yards,18.0,21,0.804983389626601,1,0
00-0036973,2024,rushing_yards,18.0,44,0.9999895930587719,1,0
00-0034796,2024,rushing_yards,18.0,63,0.9889724979760705,1,0
00-0036875,2024,rushing_yards,18.0,74,0.9995376995989467,1,0
00-0033906,2024,rushing_yards,18.0,87,0.9999980919112323,1,0
00-0037263,2024,rushing_yards,18.0,60,0.8542207024468458,1,0
00-0035710,2024,rushing_yards,18.0,1,0.9278926549222727,0,0
00-0035685,2024,rushing_yards,18.0,28,0.9999753481180605,1,0
00-0033553,2024,rushing_yards,18.0,110,0.9999956658567499,1,0
00-0037256,2024,rushing_yards,18.0,49,0.9995997828753183,1,0
00-0038794,2024,rushing_yards,18.0,27,0.7958844371759823,1,0
00-0036275,2024,rushing_yards,18.0,93,0.9901537137025761,1,0
00-0038611,2024,rushing_yards,18.0,5,0.9032597504330344,0,0
00-0037276,2024,rushing_yards,18.0,30,0.973038705703544,1,0
00-0037740,2024,receiving_yards,28.0,41,0.9827321593908225,1,0
00-0038393,2024,receiving_yards,28.0,9,0.6981612770131365,0,0
00-0039754,2024,receiving_yards,28.0,36,0.757400423116292,1,0
00-0034753,2024,receiving_yards,28.0,26,0.6344880568404989,0,0
00-0034348,2024,receiving_yards,28.0,97,0.9862217616704587,1,0
00-0033858,2024,receiving_yards,28.0,46,0.823816411537923,1,0
00-0032775,2024,receiving_yards,28.0,50,0.9660994428111928,1,0
00-0038129,2024,receiving_yards,28.0,30,0.9934374753539005,1,0
00-0034159,2024,receiving_yards,28.0,47,0.9587863338032377,1,0
00-0038543,2024,receiving_yards,28.0,180,0.970697041681969,1,0
00-0038563,2024,receiving_yards,28.0,26,0.6922833893672837,0,0
00-0033881,2024,receiving_yards,28.0,102,0.9709568582974626,1,0
00-0038559,2024,receiving_yards,28.0,5,0.7442234629674619,0,0
00-0030506,2024,receiving_yards,28.0,39,0.97889453101251,1,0
00-0039893,2024,receiving_yards,28.0,60,0.9978731386163735,1,0
00-0039146,2024,receiving_yards,28.0,138,0.9111894565398422,1,0
00-0033921,2024,receiving_yards,28.0,69,0.9963581823176217,1,0
00-0036345,2024,receiving_yards,28.0,7,0.7257574601660246,0,0
00-0034837,2024,receiving_yards,28.0,93,0.9973066256352353,1,0
00-0034827,2024,receiving_yards,28.0,97,0.9876522246392725,1,0
00-0038619,2024,receiving_yards,28.0,29,0.7947131932091147,1,0
00-0033288,2024,receiving_yards,28.0,106,0.9192549656769677,1,0
00-0033288,2024,receiving_yards,28.0,82,0.9973054512892979,1,0
00-0038544,2024,receiving_yards,28.0,44,0.795819849255448,1,0
00-0038994,2024,receiving_yards,28.0,72,0.8667387962628704,1,0
00-0036261,2024,receiving_yards,28.0,147,0.8967530751536067,1,0
00-0038933,2024,receiving_yards,28.0,52,0.852047534756575,1,0
00-0038559,2024,receiving_yards,28.0,57,0.7297459636479409,1,0
00-0033891,2024,receiving_yards,28.0,3,0.9550706205658734,0,0
00-0039146,2024,receiving_yards,28.0,28,0.9642456837440342,0,1
00-0030506,2024,receiving_yards,28.0,117,0.9709568582974626,1,0
00-0038117,2024,receiving_yards,28.0,62,0.9327418345992435,1,0
00-0034407,2024,receiving_yards,28.0,9,0.7983713415629121,0,0
00-0039064,2024,receiving_yards,28.0,111,0.9780792706025058,1,0
00-0030564,2024,receiving_yards,28.0,54,0.7007652153308132,1,0
00-0039342,2024,receiving_yards,28.0,33,0.5866572747748935,1,0
00-0034270,2024,receiving_yards,28.0,7,0.7963632070313063,0,0
00-0039065,2024,receiving_yards,28.0,63,0.9847849448369914,1,0
00-0039065,2024,receiving_yards,28.0,13,0.977778381040021,0,0
00-0034351,2024,receiving_yards,28.0,47,0.6984731704105959,1,0
00-0037239,2024,receiving_yards,28.0,10,0.9747822003724104,0,0
00-0039356,2024,receiving_yards,28.0,7,0.5949555605567752,0,0
00-0033885,2024,receiving_yards,28.0,61,0.9660731520015787,1,0
00-0031408,2024,receiving_yards,28.0,61,0.9973002725366038,1,0
00-0035719,2024,receiving_yards,28.0,22,0.7276627711002088,0,0
00-0036322,2024,receiving_yards,28.0,81,0.9999134941076913,1,0
00-0038117,2024,receiving_yards,28.0,61,0.9801239116867055,1,0
00-0035644,2024,receiving_yards,28.0,43,0.6120266102766392,1,0
00-0034270,2024,receiving_yards,28.0,10,0.8111308825097872,0,0
00-0036912,2024,receiving_yards,28.0,51,0.9709041003846713,1,0
00-0032775,2024,receiving_yards,28.0,19,0.7992475905059298,0,0
00-0036963,2024,receiving_yards,28.0,37,0.9997979592936745,1,0
00-0036252,2024,receiving_yards,28.0,31,0.9977886449538484,1,0
00-0036309,2024,receiving_yards,28.0,46,0.9964632946658936,1,0
00-0039855,2024,receiving_yards,28.0,51,0.8557084704936758,1,0
00-0036613,2024,receiving_yards,28.0,57,0.6036710881126933,1,0
00-0037666,2024,receiving_yards,28.0,14,0.8165321980276017,0,0
00-0036196,2024,receiving_yards,28.0,13,0.7435530038407996,0,0
00-0034270,2024,receiving_yards,28.0,57,0.5966746687965763,1,0
00-0037240,2024,receiving_yards,28.0,77,0.9971505342239398,1,0
00-0037238,2024,receiving_yards,28.0,54,0.810250326022807,1,0
00-0033307,2024,receiving_yards,28.0,44,0.8434692727605382,1,0
00-0038933,2024,receiving_yards,28.0,47,0.7881039521373049,1,0
00-0034348,2024,receiving_yards,28.0,26,0.711416215632397,0,0
00-0036912,2024,receiving_yards,28.0,14,0.9570050524963573,0,0
00-0039075,2024,receiving_yards,28.0,162,0.9998667548062095,1,0
00-0039075,2024,receiving_yards,28.0,97,0.9996623257739853,1,0
00-0038994,2024,receiving_yards,28.0,66,0.9178275527683274,1,0
00-0033090,2024,receiving_yards,28.0,32,0.8729864984579119,1,0
00-0038117,2024,receiving_yards,28.0,44,0.9752449383235251,1,0
00-0034348,2024,receiving_yards,28.0,53,0.9744129515209486,1,0
00-0037239,2024,receiving_yards,28.0,5,0.9180772909872696,0,0
00-0035676,2024,receiving_yards,28.0,96,0.9097200689768451,1,0
00-0032211,2024,receiving_yards,28.0,77,0.9721982444921545,1,0
00-0038117,2024,receiving_yards,28.0,6,0.8378955660942753,0,0
00-0038996,2024,receiving_yards,28.0,37,0.6706560061854229,1,0
00-0034869,2025,passing_yards,202.5,124,0.8634873056607439,0,0
00-0039851,2025,passing_yards,202.5,282,0.9982412916503628,1,0
00-0026158,2025,passing_yards,202.5,142,0.9907950793779959,0,0
00-0034857,2025,passing_yards,202.5,130,0.7559188268737368,0,0
00-0033106,2025,passing_yards,202.5,203,0.9350357594291678,1,0
00-0026498,2025,passing_yards,202.5,281,0.9913040289787215,1,0
00-0039163,2025,passing_yards,202.5,169,0.8816816448256644,0,0
00-0032950,2025,passing_yards,202.5,144,0.9236846372044822,0,0
00-0033106,2025,passing_yards,202.5,202,0.9972344943074118,0,0
00-0039851,2025,passing_yards,202.5,281,0.9872877921809298,1,0
00-0039918,2025,passing_yards,202.5,257,0.9980337747281599,1,0
00-0039732,2025,passing_yards,202.5,206,0.7521612536020432,1,0
00-0034869,2025,passing_yards,202.5,270,0.8763386150753061,1,0
00-0026158,2025,passing_yards,202.5,219,0.8335669168956732,1,0
00-0034869,2025,passing_yards,202.5,198,0.8035331365403959,0,0
00-0036442,2025,passing_yards,202.5,76,0.9913040289787215,0,0
00-0034857,2025,passing_yards,202.5,193,0.9575082115675861,0,0
00-0033106,2025,passing_yards,202.5,197,0.9996237737395884,0,0
00-0026158,2025,passing_yards,202.5,342,0.772753506255268,1,0
00-0033106,2025,passing_yards,202.5,364,0.9980554458782918,1,0
00-0026498,2025,passing_yards,202.5,182,0.9972685604953386,0,0
00-0036355,2025,passing_yards,202.5,166,0.9913040289787215,0,0
00-0039732,2025,passing_yards,202.5,295,0.6355999368259868,1,0
00-0036442,2025,passing_yards,202.5,309,0.6483810898268236,1,0
00-0029604,2025,passing_yards,202.5,29,0.9769346419266309,0,0
00-0034796,2025,passing_yards,202.5,219,0.6215186129692731,1,0
00-0026498,2025,passing_yards,202.5,245,0.7143585153531632,1,0
00-0033077,2025,passing_yards,202.5,354,0.9608385736352989,1,0
00-0040676,2025,passing_yards,202.5,259,0.9699842732104987,1,0
00-0036971,2025,passing_yards,202.5,220,0.9198983812138037,1,0
00-0034869,2025,passing_yards,202.5,249,0.8483372309414621,1,0
00-0035710,2025,passing_yards,202.5,228,0.9636864852283125,1,0
00-0036212,2025,passing_yards,202.5,173,0.6622159806455978,0,0
00-0039851,2025,passing_yards,202.5,270,0.9861198317333117,1,0
00-0023459,2025,passing_yards,202.5,235,0.7771554124566482,1,0
00-0039163,2025,passing_yards,202.5,318,0.8383737703531388,1,0
00-0039732,2025,passing_yards,202.5,153,0.761740213357625,0,0
00-0032268,2025,passing_yards,202.5,30,0.6480878908746767,0,0
00-0035710,2025,passing_yards,202.5,60,0.9638849338239822,0,0
00-0036389,2025,passing_yards,202.5,230,0.7393336397622333,1,0
00-0036389,2025,passing_yards,202.5,110,0.761740213357625,0,0
00-0039851,2025,passing_yards,202.5,155,0.9982412916503628,0,0
00-0039910,2025,passing_yards,202.5,200,0.7872384434177486,0,0
00-0035228,2025,passing_yards,202.5,220,0.8998511761186445,1,0
00-0033873,2025,passing_yards,202.5,261,0.9987323007718961,1,0
00-0033077,2025,passing_yards,202.5,361,0.7883326190731206,1,0
00-0039918,2025,passing_yards,202.5,252,0.8569554394189922,1,0
00-0033106,2025,passing_yards,202.5,225,0.9987323007718961,1,0
00-0039163,2025,passing_yards,202.5,187,0.9029481365650013,0,0
00-0039918,2025,passing_yards,202.5,330,0.7991655691441744,1,0
00-0034869,2025,passing_yards,202.5,218,0.9350357594291678,1,0
00-0039376,2025,passing_yards,202.5,136,0.6355999368259868,0,0
00-0026498,2025,passing_yards,202.5,375,0.9996369497503427,1,0
00-0034869,2025,passing_yards,202.5,279,0.9921351267138004,1,0
00-0034857,2025,passing_yards,202.5,251,0.980535837289001,1,0
00-0033119,2025,passing_yards,202.5,452,0.8569554394189922,1,0
00-0039851,2025,passing_yards,202.5,282,0.9450194219860472,1,0
00-0033077,2025,passing_yards,202.5,237,0.981658707913688,1,0
00-0026158,2025,passing_yards,202.5,184,0.9469370119967275,0,0
00-0033873,2025,passing_yards,202.5,270,0.8600402797949012,1,0
00-0039150,2025,passing_yards,202.5,150,0.7991655691441744,0,0
00-0036264,2025,passing_yards,202.5,176,0.9985865428399064,0,0
00-0033873,2025,passing_yards,202.5,224,0.8965260119894877,1,0
00-0034869,2025,passing_yards,202.5,271,0.7487899537126457,1,0
00-0039163,2025,passing_yards,202.5,244,0.7991655691441744,1,0
00-0030565,2025,passing_yards,202.5,289,0.9636864852283125,1,0
00-0037834,2025,passing_yards,202.5,193,0.9992504348078328,0,0
00-0036355,2025,passing_yards,202.5,81,0.9984314130230291,0,0
00-0037834,2025,passing_yards,202.5,309,0.9988198220825852,1,0
00-0039150,2025,passing_yards,202.5,328,0.5981073332115359,1,0
00-0023459,2025,passing_yards,202.5,294,0.9759662046450902,1,0
00-0031503,2025,passing_yards,202.5,201,0.9987323007718961,0,0
00-0039376,2025,passing_yards,202.5,126,0.8141820960454581,0,0
00-0023459,2025,passing_yards,202.5,219,0.593377649597064,1,0
00-0034869,2025,passing_yards,202.5,330,0.9875943322338897,1,0
00-0039150,2025,passing_yards,202.5,206,0.6732537832479074,1,0
00-0033873,2025,passing_yards,202.5,352,0.9980337747281599,1,0
00-0026498,2025,passing_yards,202.5,259,0.9999498297637861,1,0
00-0036355,2025,passing_yards,202.5,250,0.9896046841054548,1,0
00-0036355,2025,passing_yards,202.5,220,0.9900337773808197,1,0
00-0040691,2025,passing_yards,202.5,242,0.7734523239871904,1,0
00-0036355,2025,passing_yards,202.5,264,0.9223529481499667,1,0
00-0039732,2025,passing_yards,202.5,141,0.9980337747281599,0,0
00-0039917,2025,passing_yards,202.5,241,0.9236846372044822,1,0
00-0037834,2025,passing_yards,202.5,262,0.9636864852283125,1,0
00-0039918,2025,passing_yards,202.5,298,0.5889317575461337,1,0
00-0034855,2025,passing_yards,202.5,228,0.9982412916503628,1,0
00-0033873,2025,passing_yards,202.5,258,0.9617238287036488,1,0
00-0036442,2025,passing_yards,202.5,225,0.6622159806455978,1,0
00-0026158,2025,passing_yards,202.5,199,0.9991871166048175,0,0
00-0039917,2025,passing_yards,202.5,177,0.941604367503698,0,0
00-0036389,2025,passing_yards,202.5,183,0.9575737852970414,0,0
00-0036264,2025,passing_yards,202.5,273,0.9913040289787215,1,0
00-0030565,2025,passing_yards,202.5,67,0.62178359667981,0,0
00-0033873,2025,passing_yards,202.5,187,0.9779171246080426,0,0
00-0026498,2025,passing_yards,202.5,196,0.9995331404635343,0,0
00-0029604,2025,passing_yards,202.5,180,0.9973891749853724,0,0
00-0039917,2025,passing_yards,202.5,135,0.8503307255739943,0,0
00-0034869,2025,passing_yards,202.5,150,0.9913040289787215,0,0
00-0038579,2025,passing_yards,202.5,102,0.874612150428834,0,0
00-0040691,2025,passing_yards,202.5,139,0.7371796626443293,0,0
00-0036355,2025,passing_yards,202.5,227,0.9921723150373173,1,0
00-0039851,2025,passing_yards,202.5,380,0.9913040289787215,1,0
00-0033077,2025,passing_yards,202.5,70,0.9987323007718961,0,0
00-0039150,2025,passing_yards,202.5,154,0.5890831992422902,0,0
00-0036389,2025,passing_yards,202.5,326,0.594281742374241,1,0
00-0026158,2025,passing_yards,202.5,183,0.9987323007718961,0,0
00-0039851,2025,passing_yards,202.5,222,0.9321104812618187,1,0
00-0033106,2025,passing_yards,202.5,320,0.9107825250715436,1,0
00-0039732,2025,passing_yards,202.5,279,0.8569554394189922,1,0
00-0034855,2025,passing_yards,202.5,167,0.9909155064241285,0,0
00-0039917,2025,passing_yards,202.5,221,0.8689634843378639,1,0
00-0039738,2025,rushing_yards,20.5,59,0.9981800532441418,1,0
00-0037197,2025,rushing_yards,20.5,34,0.9637765870504843,1,0
00-0037840,2025,rushing_yards,20.5,50,0.9999998543779236,1,0
00-0038120,2025,rushing_yards,20.5,107,0.9991270685230578,1,0
00-0036893,2025,rushing_yards,20.5,28,0.7718231848996306,1,0
00-0036924,2025,rushing_yards,20.5,65,0.8656315891487731,1,0
00-0036139,2025,rushing_yards,20.5,206,0.8944028915540163,1,0
00-0037263,2025,rushing_yards,20.5,20,0.7537985758528503,0,0
00-0038120,2025,rushing_yards,20.5,29,0.9999953845413437,1,0
00-0039139,2025,rushing_yards,20.5,39,0.9999999977752251,1,0
00-0037197,2025,rushing_yards,20.5,45,0.6713625197557833,1,0
00-0039384,2025,rushing_yards,20.5,71,0.8874067609978973,1,0
00-0040162,2025,rushing_yards,20.5,2,0.9418791858722267,0,0
00-0037525,2025,rushing_yards,20.5,47,0.7918703715859596,1,0
00-0036355,2025,rushing_yards,20.5,37,0.7408193449021371,1,0
00-0040583,2025,rushing_yards,20.5,24,0.9313612079832787,1,0
00-0038597,2025,rushing_yards,20.5,40,0.999964649799545,1,0
00-0039040,2025,rushing_yards,20.5,120,0.9999999998941396,1,0
00-0039910,2025,rushing_yards,20.5,51,0.9833534102488478,1,0
00-0035993,2025,rushing_yards,20.5,2,0.6429680209576827,0,0
00-0038542,2025,rushing_yards,20.5,86,0.9999999977692219,1,0
00-0036275,2025,rushing_yards,20.5,98,0.9999923875719895,1,0
00-0037840,2025,rushing_yards,20.5,94,0.9999990687006212,1,0
00-0037525,2025,rushing_yards,20.5,57,0.9999912640900882,1,0
00-0038134,2025,rushing_yards,20.5,97,0.9998245250079993,1,0
00-0038134,2025,rushing_yards,20.5,86,0.9999878069652426,1,0
00-0039384,2025,rushing_yards,20.5,6,0.9831182816079519,0,0
00-0040242,2025,rushing_yards,20.5,28,0.9596429928484927,1,0
00-0032764,2025,rushing_yards,20.5,23,0.9999999999999999,1,0
00-0035700,2025,rushing_yards,20.5,93,0.9999997785500578,1,0
00-0038134,2025,rushing_yards,20.5,81,0.9999374520946508,1,0
00-0036997,2025,rushing_yards,20.5,97,0.9444252310245131,1,0
00-0035700,2025,rushing_yards,20.5,66,0.9999987577856995,1,0
00-0037746,2025,rushing_yards,20.5,21,0.7922170961091762,1,0
00-0039384,2025,rushing_yards,20.5,18,0.8614970131564834,0,0
00-0033293,2025,rushing_yards,20.5,53,0.9999852753293937,1,0
00-0038120,2025,rushing_yards,20.5,83,0.9999999680487336,1,0
00-0036973,2025,rushing_yards,20.5,143,0.9942679956442124,1,0
00-0038797,2025,rushing_yards,20.5,61,0.6470932278615126,1,0
00-0038120,2025,rushing_yards,20.5,81,0.9998817351392397,1,0
00-0040719,2025,rushing_yards,20.5,5,0.7978582432845613,0,0
00-0037248,2025,rushing_yards,20.5,49,0.9999999999998838,1,0
00-0040784,2025,rushing_yards,20.5,82,0.9999968748143265,1,0
00-0037256,2025,rushing_yards,20.5,65,0.925612327441894,1,0
00-0039163,2025,rushing_yards,20.5,22,0.5870773580669209,1,0
00-0039391,2025,rushing_yards,20.5,20,0.9412002077998716,0,0
00-0037256,2025,rushing_yards,20.5,38,0.9979868473028812,1,0
00-0038134,2025,rushing_yards,20.5,66,0.9999828648056918,1,0
00-0032104,2025,rushing_yards,20.5,6,0.9994572953541815,0,0
00-0037256,2025,rushing_yards,20.5,41,0.7004407776507334,1,0
00-0039032,2025,rushing_yards,20.5,22,0.9802400828010224,1,0
00-0040122,2025,rushing_yards,20.5,42,0.9999949236247005,1,0
00-0036875,2025,rushing_yards,20.5,38,0.9001401441792682,1,0
00-0039798,2025,rushing_yards,20.5,18,0.5948143388453049,0,0
00-0039910,2025,rushing_yards,20.5,35,0.9854004375494787,1,0
00-0040583,2025,rushing_yards,20.5,62,0.9754601498604337,1,0
00-0036924,2025,rushing_yards,20.5,1,0.9936737791093514,0,0
00-0037248,2025,rushing_yards,20.5,15,0.9999999999927517,0,0
00-0038555,2025,rushing_yards,20.5,7,0.8110168938852331,0,0
00-0035700,2025,rushing_yards,20.5,30,0.9999999665072834,1,0
00-0034857,2025,rushing_yards,20.5,17,0.994322770892887,0,0
00-0040666,2025,rushing_yards,20.5,61,0.9999967609285205,1,0
00-0034857,2025,rushing_yards,20.5,7,0.9595716354175237,0,0
00-0037746,2025,rushing_yards,20.5,12,0.6044018980378443,0,0
00-0037228,2025,rushing_yards,20.5,37,0.8915977921468465,1,0
00-0029263,2025,rushing_yards,20.5,27,0.6201173743083147,1,0
00-0039139,2025,rushing_yards,20.5,38,0.9999995084062485,1,0
00-0032268,2025,rushing_yards,20.5,55,0.6605327744629881,1,0
00-0040734,2025,rushing_yards,20.5,25,0.9999486281483873,1,0
00-0033280,2025,rushing_yards,20.5,129,0.9999865159891185,1,0
00-0037525,2025,rushing_yards,20.5,52,0.9999938806007791,1,0
00-0036139,2025,rushing_yards,20.5,10,0.9997859136341904,0,0
00-0040666,2025,rushing_yards,20.5,70,0.9881210122210545,1,0
00-0035700,2025,rushing_yards,20.5,40,0.9999998248842181,1,0
00-0038797,2025,rushing_yards,20.5,44,0.8536192494872407,1,0
00-0040784,2025,rushing_yards,20.5,26,0.999999091827211,1,0
00-0032764,2025,rushing_yards,20.5,33,0.9997311752722556,1,0
00-0039757,2025,rushing_yards,20.5,5,0.6034070921810193,0,0
00-0040730,2025,rushing_yards,20.5,37,0.9989363673851391,1,0
00-0038951,2025,rushing_yards,20.5,106,0.6300832137669817,1,0
00-0038440,2025,rushing_yards,20.5,18,0.6621085025050777,0,0
00-0036919,2025,rushing_yards,20.5,15,0.9590444658636536,0,0
00-0039373,2025,rushing_yards,20.5,11,0.8873058802381444,0,0
00-0036223,2025,rushing_yards,20.5,85,1.0,1,0
00-0040242,2025,rushing_yards,20.5,17,0.9998640095752365,0,0
00-0033293,2025,rushing_yards,20.5,85,0.9982480827743289,1,0
00-0036223,2025,rushing_yards,20.5,102,1.0,1,0
00-0040715,2025,rushing_yards,20.5,59,0.9998930029718414,1,0
00-0033923,2025,rushing_yards,20.5,18,0.9702005812118085,0,0
00-0040691,2025,rushing_yards,20.5,58,0.6821019271333711,1,0
00-0033280,2025,rushing_yards,20.5,54,0.9999736138528793,1,0
00-0033280,2025,rushing_yards,20.5,48,0.9999999997042344,1,0
00-0036875,2025,rushing_yards,20.5,47,0.9887188334642362,1,0
00-0037228,2025,rushing_yards,20.5,47,0.9890276684281557,1,0
00-0033293,2025,rushing_yards,20.5,70,0.9603237043317208,1,0
00-0034791,2025,rushing_yards,20.5,61,0.9967307010556454,1,0
00-0039855,2025,receiving_yards,23.0,11,0.953203455828572,0,0
00-0035229,2025,receiving_yards,23.0,66,0.7485173245543754,1,0
00-0035676,2025,receiving_yards,23.0,7,0.9801599169514432,0,0
00-0038935,2025,receiving_yards,23.0,61,0.6880616293473132,1,0
00-0036252,2025,receiving_yards,23.0,80,0.997258689125436,1,0
00-0039893,2025,receiving_yards,23.0,31,0.9991785318772356,1,0
00-0040705,2025,receiving_yards,23.0,44,0.8239393560728565,1,0
00-0036309,2025,receiving_yards,23.0,35,0.8782273699300214,1,0
00-0036040,2025,receiving_yards,23.0,46,0.948296051968116,1,0
00-0038608,2025,receiving_yards,23.0,28,0.98506578212053,1,0
00-0039893,2025,receiving_yards,23.0,66,0.9865055641596211,1,0
00-0039338,2025,receiving_yards,23.0,38,0.9994960652565161,1,0
00-0031236,2025,receiving_yards,23.0,5,0.6905117536762158,0,0
00-0038104,2025,receiving_yards,23.0,61,0.6980374767131554,1,0
00-0038559,2025,receiving_yards,23.0,142,0.9999576577934314,1,0
00-0039146,2025,receiving_yards,23.0,45,0.7614322587149883,1,0
00-0033040,2025,receiving_yards,23.0,40,0.9967148144937048,1,0
00-0038117,2025,receiving_yards,23.0,62,0.9979578590366054,1,0
00-0040129,2025,receiving_yards,23.0,42,0.9977744320422729,1,0
00-0038608,2025,receiving_yards,23.0,43,0.8398218777142996,1,0
00-0036322,2025,receiving_yards,23.0,101,0.9041558272872561,1,0
00-0039890,2025,receiving_yards,23.0,43,0.9944828162154602,1,0
00-0031588,2025,receiving_yards,23.0,23,0.9937420762845908,0,1
00-0039847,2025,receiving_yards,23.0,77,0.9403645587523084,1,0
00-0039915,2025,receiving_yards,23.0,43,0.8333436584881722,1,0
00-0040663,2025,receiving_yards,23.0,48,0.9992339157421859,1,0
00-0031588,2025,receiving_yards,23.0,57,0.9986670926423666,1,0
00-0038558,2025,receiving_yards,23.0,67,0.732065297050289,1,0
00-0038619,2025,receiving_yards,23.0,49,0.7438768209012676,1,0
00-0036963,2025,receiving_yards,23.0,100,0.9998794777419352,1,0
00-0038117,2025,receiving_yards,23.0,95,0.9930481560712696,1,0
00-0033110,2025,receiving_yards,23.0,40,0.6415110703021005,1,0
00-0036244,2025,receiving_yards,23.0,53,0.8652258208569148,1,0
00-0033908,2025,receiving_yards,23.0,35,0.7549210687594416,1,0
00-0036358,2025,receiving_yards,23.0,111,0.9996133810393053,1,0
00-0040128,2025,receiving_yards,23.0,43,0.8839147082607794,1,0
00-0037261,2025,receiving_yards,23.0,75,0.9665710360443776,1,0
00-0039919,2025,receiving_yards,23.0,69,0.987802293562062,1,0
00-0033858,2025,receiving_yards,23.0,18,0.8165706279421736,0,0
00-0033908,2025,receiving_yards,23.0,15,0.6537039316625035,0,0
00-0036970,2025,receiving_yards,23.0,38,0.9804015471598156,1,0
00-0036554,2025,receiving_yards,23.0,136,0.9993285881880413,1,0
00-0039338,2025,receiving_yards,23.0,31,0.9993673619879478,1,0
00-0038542,2025,receiving_yards,23.0,34,0.7421184023538854,1,0
00-0040718,2025,receiving_yards,23.0,42,0.7790036458887708,1,0
00-0038124,2025,receiving_yards,23.0,80,0.9325015067928192,1,0
00-0039338,2025,receiving_yards,23.0,72,0.9964348302327486,1,0
00-0035208,2025,receiving_yards,23.0,41,0.6859982900461029,1,0
00-0038996,2025,receiving_yards,23.0,56,0.9651784847337831,1,0
00-0036259,2025,receiving_yards,23.0,7,0.988161555709343,0,0
00-0033280,2025,receiving_yards,23.0,88,0.6669501599947603,1,0
00-0036550,2025,receiving_yards,23.0,15,0.7794891890101543,0,0
00-0038563,2025,receiving_yards,23.0,12,0.807218714787175,0,0
00-0034348,2025,receiving_yards,23.0,118,0.9959248330174973,1,0
00-0037664,2025,receiving_yards,23.0,67,0.8702808915092106,1,0
00-0035359,2025,receiving_yards,23.0,11,0.7629183594448383,0,0
00-0040124,2025,receiving_yards,23.0,48,0.9996760977266952,1,0
00-0039342,2025,receiving_yards,23.0,17,0.9100995246015147,0,0
00-0034960,2025,receiving_yards,23.0,41,0.8933120583118423,1,0
00-0038606,2025,receiving_yards,23.0,71,0.9474428043356552,1,0
00-0034829,2025,receiving_yards,23.0,13,0.6818227041250556,0,0
00-0036963,2025,receiving_yards,23.0,115,0.9994818643535373,1,0
00-0039915,2025,receiving_yards,23.0,31,0.7672098833541838,1,0
00-0033881,2025,receiving_yards,23.0,33,0.8300306346373096,1,0
00-0040667,2025,receiving_yards,23.0,37,0.8506909321585048,1,0
00-0040170,2025,receiving_yards,23.0,29,0.8933120583118423,1,0
00-0031381,2025,receiving_yards,23.0,29,0.9868525296810371,1,0
00-0031381,2025,receiving_yards,23.0,77,0.993257482997395,1,0
00-0031408,2025,receiving_yards,23.0,56,0.9997818721998492,1,0
00-0036912,2025,receiving_yards,23.0,50,0.9915312584875383,1,0
00-0036980,2025,receiving_yards,23.0,31,0.6398207376794385,1,0
00-0040128,2025,receiving_yards,23.0,69,0.9939714356847693,1,0
00-0039146,2025,receiving_yards,23.0,55,0.7617082140582738,1,0
00-0037261,2025,receiving_yards,23.0,34,0.8377758606894421,1,0
00-0034348,2025,receiving_yards,23.0,17,0.9992031353088293,0,0
00-0038124,2025,receiving_yards,23.0,89,0.9793316417764174,1,0
00-0038621,2025,receiving_yards,23.0,17,0.6489039549041414,0,0
00-0036410,2025,receiving_yards,23.0,96,0.9123667688625878,1,0
00-0034521,2025,receiving_yards,23.0,13,0.6102716411674061,0,0
00-0037545,2025,receiving_yards,23.0,27,0.9913647631307984,1,0
00-0036259,2025,receiving_yards,23.0,71,0.7935868511097788,1,0
00-0036970,2025,receiving_yards,23.0,25,0.9709902953126559,1,0
00-0039040,2025,receiving_yards,23.0,2,0.6194736617766587,0,0
00-0039880,2025,receiving_yards,23.0,2,0.8732657726977457,0,0
00-0039868,2025,receiving_yards,23.0,21,0.9921427508814027,0,0
00-0031236,2025,receiving_yards,23.0,22,0.8407899109761666,0,0
00-0036252,2025,receiving_yards,23.0,26,0.9883083589071336,1,0
00-0039338,2025,receiving_yards,23.0,55,0.9990609338544267,1,0
00-0036259,2025,receiving_yards,23.0,45,0.937068640186771,1,0
00-0040581,2025,receiving_yards,23.0,20,0.8313273995870707,0,0
00-0030279,2025,receiving_yards,23.0,44,0.9988438816671561,1,0
00-0038544,2025,receiving_yards,23.0,40,0.9990007362698742,1,0
00-0032385,2025,receiving_yards,23.0,80,0.5958681387730036,1,0
00-0039067,2025,receiving_yards,23.0,51,0.9999394771302651,1,0
00-0036988,2025,receiving_yards,23.0,17,0.6671257664417098,0,0
00-0037112,2025,receiving_yards,23.0,2,0.952114214038379,0,0
00-0039849,2025,receiving_yards,23.0,14,0.996196053274469,0,0
00-0038997,2025,receiving_yards,23.0,12,0.9909439435941958,0,0
