game_id,season,week,bet_type,edge,won,push
2022_01_BUF_LA,2022,1,spread_home,3.8417327018213925,0,0
2022_01_NO_ATL,2022,1,spread_away,9.318424423025473,0,0
2022_01_SF_CHI,2022,1,spread_away,14.606414754582985,0,0
2022_01_PIT_CIN,2022,1,spread_home,16.876636641990487,0,0
2022_01_PHI_DET,2022,1,spread_away,19.778996069753596,0,0
2022_01_IND_HOU,2022,1,spread_away,19.106273220584015,0,0
2022_01_NE_MIA,2022,1,spread_home,8.607509338678604,1,0
2022_01_BAL_NYJ,2022,1,spread_away,13.896113843615824,1,0
2022_01_JAX_WAS,2022,1,spread_away,6.486550374954367,0,0
2022_01_KC_ARI,2022,1,spread_away,9.957176114613148,1,0
2022_01_LV_LAC,2022,1,spread_home,3.160066548932463,1,0
2022_01_TB_DAL,2022,1,spread_away,6.952109995190685,1,0
2022_01_DEN_SEA,2022,1,spread_away,5.859651011141418,0,0
2022_02_LAC_KC,2022,2,spread_home,5.668124562493381,0,0
2022_02_MIA_BAL,2022,2,spread_home,3.7645389922077164,0,0
2022_02_NYJ_CLE,2022,2,spread_home,13.000419518072583,0,0
2022_02_WAS_DET,2022,2,spread_away,2.2336946767693853,0,0
2022_02_IND_JAX,2022,2,spread_away,4.684499124208829,0,0
2022_02_TB_NO,2022,2,spread_away,4.652598651175211,1,0
2022_02_CAR_NYG,2022,2,spread_away,10.749279889645479,0,0
2022_02_NE_PIT,2022,2,spread_away,10.54652705320214,0,1
2022_02_ATL_LA,2022,2,spread_home,28.239550225076687,0,0
2022_02_SEA_SF,2022,2,spread_home,19.079525282051993,1,0
2022_02_CIN_DAL,2022,2,spread_away,14.449566812521166,0,0
2022_02_HOU_DEN,2022,2,spread_home,23.418732021325532,0,0
2022_02_ARI_LV,2022,2,spread_home,6.643695061178241,0,0
2022_02_CHI_GB,2022,2,spread_home,16.243708227031675,1,0
2022_02_TEN_BUF,2022,2,spread_home,28.265109392895532,1,0
2022_02_MIN_PHI,2022,2,spread_home,3.8685283930082983,1,0
2022_03_PIT_CLE,2022,3,spread_home,4.5037919284321815,1,0
2022_03_KC_IND,2022,3,spread_away,18.55204427770319,0,0
2022_03_DET_MIN,2022,3,spread_home,13.63862118479052,0,0
2022_03_BAL_NE,2022,3,spread_away,11.96159474182223,1,0
2022_03_CIN_NYJ,2022,3,spread_away,10.95260705416506,1,0
2022_03_LV_TEN,2022,3,spread_away,6.718593653156787,0,0
2022_03_PHI_WAS,2022,3,spread_away,15.497637792137983,1,0
2022_03_JAX_LAC,2022,3,spread_home,10.519503675142106,0,0
2022_03_LA_ARI,2022,3,spread_away,9.544335472982798,1,0
2022_03_ATL_SEA,2022,3,spread_away,2.8385998712122666,1,0
2022_03_GB_TB,2022,3,spread_home,3.2650110954705607,0,0
2022_03_SF_DEN,2022,3,spread_home,2.9193729420540837,1,0
2022_03_DAL_NYG,2022,3,spread_away,6.411886668408709,1,0
2022_04_MIA_CIN,2022,4,spread_home,3.683715856130493,1,0
2022_04_MIN_NO,2022,4,spread_away,7.7408168301923315,0,0
2022_04_CLE_ATL,2022,4,spread_away,11.359178438339507,0,0
2022_04_BUF_BAL,2022,4,spread_away,6.886499412474528,0,1
2022_04_SEA_DET,2022,4,spread_home,3.857791504454918,0,0
2022_04_LAC_HOU,2022,4,spread_away,16.103170580035837,1,0
2022_04_TEN_IND,2022,4,spread_home,7.291741081548169,0,0
2022_04_JAX_PHI,2022,4,spread_home,3.5062753842086214,1,0
2022_04_ARI_CAR,2022,4,spread_away,4.41706733263075,1,0
2022_04_NE_GB,2022,4,spread_home,24.25450477766446,0,0
2022_04_DEN_LV,2022,4,spread_home,5.713166245367008,1,0
2022_04_KC_TB,2022,4,spread_home,7.627972310695362,0,0
2022_04_LA_SF,2022,4,spread_home,6.194566935292294,1,0
2022_05_IND_DEN,2022,5,spread_home,8.04465747944267,0,0
2022_05_NYG_GB,2022,5,spread_home,19.621230665020285,0,0
2022_05_PIT_BUF,2022,5,spread_home,32.42134558687658,1,0
2022_05_LAC_CLE,2022,5,spread_away,4.377570015052988,1,0
2022_05_HOU_JAX,2022,5,spread_home,15.416957081495115,0,0
2022_05_CHI_MIN,2022,5,spread_home,30.52036005403274,0,0
2022_05_DET_NE,2022,5,spread_home,12.445233944342112,1,0
2022_05_SEA_NO,2022,5,spread_home,11.046514113017658,1,0
2022_05_MIA_NYJ,2022,5,spread_home,2.42093423458929,1,0
2022_05_ATL_TB,2022,5,spread_home,18.461826962657536,0,0
2022_05_TEN_WAS,2022,5,spread_away,6.638524172327921,1,0
2022_05_SF_CAR,2022,5,spread_away,15.527383725852415,1,0
2022_05_PHI_ARI,2022,5,spread_away,17.39866775607713,0,0
2022_05_DAL_LA,2022,5,spread_home,4.749569043311096,0,0
2022_05_CIN_BAL,2022,5,spread_home,7.573163985855963,0,0
2022_05_LV_KC,2022,5,spread_home,16.512607494852,0,0
2022_06_WAS_CHI,2022,6,spread_away,2.1952630379749123,1,0
2022_06_NE_CLE,2022,6,spread_home,8.568116479752348,0,0
2022_06_NYJ_GB,2022,6,spread_home,17.54932524053042,0,0
2022_06_MIN_MIA,2022,6,spread_away,9.644278488008354,1,0
2022_06_CIN_NO,2022,6,spread_away,5.519219926066,1,0
2022_06_BAL_NYG,2022,6,spread_away,6.603870102979673,0,0
2022_06_TB_PIT,2022,6,spread_away,16.1052346201238,0,0
2022_06_CAR_LA,2022,6,spread_home,30.91616554039496,1,0
2022_06_ARI_SEA,2022,6,spread_away,2.072304783979719,0,0
2022_06_BUF_KC,2022,6,spread_away,2.9913717659458694,1,0
2022_06_DAL_PHI,2022,6,spread_home,11.896685403671716,1,0
2022_06_DEN_LAC,2022,6,spread_home,2.5915478979230655,0,0
2022_07_NO_ARI,2022,7,spread_away,2.332753199943875,0,0
2022_07_CLE_BAL,2022,7,spread_home,17.37274621397264,0,0
2022_07_TB_CAR,2022,7,spread_away,29.92191575580453,0,0
2022_07_ATL_CIN,2022,7,spread_home,6.920867438749813,1,0
2022_07_DET_DAL,2022,7,spread_home,9.987090191912522,1,0
2022_07_NYG_JAX,2022,7,spread_home,4.14032108268303,0,0
2022_07_GB_WAS,2022,7,spread_away,6.110179124462899,0,0
2022_07_NYJ_DEN,2022,7,spread_away,3.4128656691255608,1,0
2022_07_HOU_LV,2022,7,spread_home,15.732548508902742,1,0
2022_07_SEA_LAC,2022,7,spread_home,12.84982690105689,0,0
2022_07_KC_SF,2022,7,spread_away,4.001398560523661,1,0
2022_07_PIT_MIA,2022,7,spread_home,21.44030077183443,0,0
2022_07_CHI_NE,2022,7,spread_home,28.64837552947056,0,0
2022_08_BAL_TB,2022,8,spread_away,7.815899403280076,1,0
2022_08_DEN_JAX,2022,8,spread_away,6.83473099666962,1,0
2022_08_CAR_ATL,2022,8,spread_home,5.547843747415551,0,0
2022_08_CHI_DAL,2022,8,spread_home,31.33395525780323,1,0
2022_08_MIA_DET,2022,8,spread_away,11.371817068750822,1,0
2022_08_ARI_MIN,2022,8,spread_home,6.210064141740602,1,0
2022_08_LV_NO,2022,8,spread_away,8.244336241436248,0,0
2022_08_NE_NYJ,2022,8,spread_home,6.908163454475014,0,0
2022_08_PIT_PHI,2022,8,spread_home,32.119334161966854,1,0
2022_08_TEN_HOU,2022,8,spread_home,3.0035005703544932,0,0
2022_08_WAS_IND,2022,8,spread_home,2.010673041676385,0,0
2022_08_SF_LA,2022,8,spread_away,4.124355497188148,1,0
2022_08_NYG_SEA,2022,8,spread_home,5.113113294828958,1,0
2022_08_GB_BUF,2022,8,spread_home,29.747170918914037,0,0
2022_08_CIN_CLE,2022,8,spread_away,5.527167622690154,0,0
2022_09_PHI_HOU,2022,9,spread_away,24.713504970004827,0,0
2022_09_LAC_ATL,2022,9,spread_away,8.56847920365654,1,0
2022_09_MIA_CHI,2022,9,spread_away,3.9214432149739444,0,0
2022_09_CAR_CIN,2022,9,spread_home,17.940151188507976,1,0
2022_09_GB_DET,2022,9,spread_away,9.81762176191878,0,0
2022_09_IND_NE,2022,9,spread_home,4.62047140786402,1,0
2022_09_BUF_NYJ,2022,9,spread_away,13.389569476618263,0,0
2022_09_MIN_WAS,2022,9,spread_away,6.616199488433574,0,1
2022_09_SEA_ARI,2022,9,spread_home,7.5688972325571235,0,0
2022_09_LA_TB,2022,9,spread_home,11.813898647139526,0,1
2022_09_TEN_KC,2022,9,spread_home,27.19984089111338,0,0
2022_09_BAL_NO,2022,9,spread_away,11.97804076167931,1,0
2022_10_ATL_CAR,2022,10,spread_away,4.398736412565147,0,0
2022_10_MIN_BUF,2022,10,spread_home,13.601981883233591,0,0
2022_10_DET_CHI,2022,10,spread_home,9.360729796631787,0,0
2022_10_JAX_KC,2022,10,spread_home,23.239939088788024,0,1
2022_10_CLE_MIA,2022,10,spread_home,2.2428474153447833,1,0
2022_10_HOU_NYG,2022,10,spread_home,7.465439202845656,1,0
2022_10_NO_PIT,2022,10,spread_home,2.5667376576714918,1,0
2022_10_DEN_TEN,2022,10,spread_home,7.627464064215198,1,0
2022_10_IND_LV,2022,10,spread_home,6.393648043580525,0,0
2022_10_DAL_GB,2022,10,spread_away,8.856587999449857,0,0
2022_10_ARI_LA,2022,10,spread_home,4.0172226024679345,0,0
2022_10_LAC_SF,2022,10,spread_home,18.145672793916354,0,0
2022_10_WAS_PHI,2022,10,spread_home,17.78702284905689,0,0
2022_11_TEN_GB,2022,11,spread_home,5.020376957524741,0,0
2022_11_CHI_ATL,2022,11,spread_away,2.9563499120472807,0,1
2022_11_CAR_BAL,2022,11,spread_home,35.37186750778079,0,0
2022_11_CLE_BUF,2022,11,spread_home,21.000326588252932,1,0
2022_11_PHI_IND,2022,11,spread_away,21.555257487541347,0,0
2022_11_NYJ_NE,2022,11,spread_home,8.834385249782912,1,0
2022_11_LA_NO,2022,11,spread_away,3.1060261221719676,0,0
2022_11_DET_NYG,2022,11,spread_home,4.3099512348635765,0,0
2022_11_DAL_MIN,2022,11,spread_away,9.606538203752667,1,0
2022_11_CIN_PIT,2022,11,spread_away,8.764613420348148,1,0
2022_11_KC_LAC,2022,11,spread_away,13.147143588010634,0,0
2022_11_SF_ARI,2022,11,spread_away,16.641812464882797,1,0
2022_12_BUF_DET,2022,12,spread_away,20.01685684755868,0,0
2022_12_NYG_DAL,2022,12,spread_home,28.84419026852241,0,0
2022_12_DEN_CAR,2022,12,spread_away,4.946523517056078,0,0
2022_12_TB_CLE,2022,12,spread_away,4.949227272895623,0,0
2022_12_BAL_JAX,2022,12,spread_away,3.9741197880083403,0,0
2022_12_HOU_MIA,2022,12,spread_home,32.09639388573709,1,0
2022_12_CHI_NYJ,2022,12,spread_home,11.901057537097465,1,0
2022_12_CIN_TEN,2022,12,spread_away,4.763535028182728,1,0
2022_12_ATL_WAS,2022,12,spread_home,9.70905452750368,1,0
2022_12_LAC_ARI,2022,12,spread_away,6.818552747878091,0,0
2022_12_LV_SEA,2022,12,spread_home,2.738643592883697,0,0
2022_12_LA_KC,2022,12,spread_home,26.302153547162934,0,0
2022_12_NO_SF,2022,12,spread_home,26.378664960216085,1,0
2022_12_GB_PHI,2022,12,spread_home,11.369692954622625,1,0
2022_12_PIT_IND,2022,12,spread_away,2.3667531365435543,1,0
2022_13_BUF_NE,2022,13,spread_away,9.969410426869228,1,0
2022_13_DEN_BAL,2022,13,spread_home,27.939600268736694,0,0
2022_13_GB_CHI,2022,13,spread_away,6.349560627411736,1,0
2022_13_JAX_DET,2022,13,spread_home,2.9174017432791333,1,0
2022_13_CLE_HOU,2022,13,spread_away,22.027501135724386,1,0
2022_13_NYJ_MIN,2022,13,spread_home,6.685710875607844,1,0
2022_13_WAS_NYG,2022,13,spread_away,4.6240016590879565,0,0
2022_13_TEN_PHI,2022,13,spread_home,4.852347638132996,1,0
2022_13_SEA_LA,2022,13,spread_away,23.472595470271962,0,0
2022_13_MIA_SF,2022,13,spread_home,8.915888743223718,1,0
2022_13_LAC_LV,2022,13,spread_home,6.672557847131456,1,0
2022_13_IND_DAL,2022,13,spread_home,21.71174379440985,1,0
2022_13_NO_TB,2022,13,spread_home,5.092800122940025,0,0
2022_14_LV_LA,2022,14,spread_away,7.443969792365251,0,0
2022_14_NYJ_BUF,2022,14,spread_home,19.24078722342267,0,0
2022_14_CLE_CIN,2022,14,spread_home,4.35964544806373,1,0
2022_14_HOU_DAL,2022,14,spread_home,35.432435934902315,0,0
2022_14_MIN_DET,2022,14,spread_home,3.1385679326620366,1,0
2022_14_PHI_NYG,2022,14,spread_away,11.111652958081951,1,0
2022_14_JAX_TEN,2022,14,spread_home,10.540801314344687,0,0
2022_14_KC_DEN,2022,14,spread_away,23.501297364636187,0,0
2022_14_CAR_SEA,2022,14,spread_home,8.41342820198889,0,0
2022_14_TB_SF,2022,14,spread_home,12.561317417773818,1,0
2022_14_MIA_LAC,2022,14,spread_away,5.309918957117638,0,0
2022_14_NE_ARI,2022,14,spread_away,3.6482344802221984,1,0
2022_15_SF_SEA,2022,15,spread_away,3.1720822321484463,1,0
2022_15_MIA_BUF,2022,15,spread_home,7.174661699208645,0,0
2022_15_PIT_CAR,2022,15,spread_home,6.877436131830137,0,0
2022_15_PHI_CHI,2022,15,spread_away,18.52967292252025,0,0
2022_15_KC_HOU,2022,15,spread_away,30.080510317197387,0,0
2022_15_DAL_JAX,2022,15,spread_away,4.958353749269215,0,0
2022_15_ATL_NO,2022,15,spread_home,17.14873557459377,0,0
2022_15_DET_NYJ,2022,15,spread_home,9.086189610782366,0,0
2022_15_NE_LV,2022,15,spread_away,5.388805736296313,0,0
2022_15_CIN_TB,2022,15,spread_away,9.87189872738298,1,0
2022_15_NYG_WAS,2022,15,spread_home,2.6017497060742976,0,0
2022_15_LA_GB,2022,15,spread_home,16.47159140247381,1,0
2022_16_JAX_NYJ,2022,16,spread_away,2.028683013849255,1,0
2022_16_ATL_BAL,2022,16,spread_home,9.156447946092081,1,0
2022_16_DET_CAR,2022,16,spread_away,3.863716772452043,0,0
2022_16_BUF_CHI,2022,16,spread_away,18.396698962145923,1,0
2022_16_NO_CLE,2022,16,spread_home,5.262125436587616,0,0
2022_16_SEA_KC,2022,16,spread_home,26.56051380211431,1,0
2022_16_NYG_MIN,2022,16,spread_home,8.24254413823976,0,0
2022_16_HOU_TEN,2022,16,spread_home,6.587247077081211,0,0
2022_16_WAS_SF,2022,16,spread_home,4.740215565140159,1,0
2022_16_PHI_DAL,2022,16,spread_away,2.019571291155919,0,0
2022_16_GB_MIA,2022,16,spread_home,9.01717282221633,0,0
2022_16_TB_ARI,2022,16,spread_away,16.63256591314132,0,0
2022_16_LAC_IND,2022,16,spread_away,3.4188425350894276,1,0
2022_17_DAL_TEN,2022,17,spread_away,27.52367933855704,0,1
2022_17_ARI_ATL,2022,17,spread_home,13.476661854322337,0,0
2022_17_CHI_DET,2022,17,spread_home,2.5155359372138553,1,0
2022_17_JAX_HOU,2022,17,spread_away,6.473166272613069,1,0
2022_17_DEN_KC,2022,17,spread_home,29.414549747932917,0,0
2022_17_MIA_NE,2022,17,spread_away,6.545986613633879,1,0
2022_17_IND_NYG,2022,17,spread_home,6.835224540723456,1,0
2022_17_NO_PHI,2022,17,spread_home,5.583110518344996,0,0
2022_17_CLE_WAS,2022,17,spread_home,8.164171148743996,0,0
2022_17_SF_LV,2022,17,spread_away,16.098810454022036,0,0
2022_17_NYJ_SEA,2022,17,spread_away,3.346876250560173,0,0
2022_17_MIN_GB,2022,17,spread_home,3.8103979386851807,1,0
2022_17_LA_LAC,2022,17,spread_home,16.519299440846094,1,0
2022_17_PIT_BAL,2022,17,spread_away,3.7806954289505885,1,0
2022_18_KC_LV,2022,18,spread_away,12.380238002603097,1,0
2022_18_TEN_JAX,2022,18,spread_home,8.363596234939155,0,0
2022_18_TB_ATL,2022,18,spread_home,13.449188906344125,1,0
2022_18_NE_BUF,2022,18,spread_home,22.982011991306283,1,0
2022_18_MIN_CHI,2022,18,spread_away,12.25995691672508,1,0
2022_18_BAL_CIN,2022,18,spread_home,23.58137219289302,0,1
2022_18_HOU_IND,2022,18,spread_home,3.391207882367979,0,0
2022_18_NYJ_MIA,2022,18,spread_away,4.256476060261861,0,0
2022_18_CAR_NO,2022,18,spread_home,6.173140688352621,0,0
2022_18_CLE_PIT,2022,18,spread_home,2.7369482006542865,1,0
2022_18_LAC_DEN,2022,18,spread_home,4.681649182820641,0,0
2022_18_NYG_PHI,2022,18,spread_home,30.268474488540946,0,0
2022_18_LA_SEA,2022,18,spread_home,12.908464224645282,0,0
2022_18_ARI_SF,2022,18,spread_home,33.94723474275688,1,0
2022_18_DAL_WAS,2022,18,spread_away,16.000236526036446,0,0
2022_18_DET_GB,2022,18,spread_home,4.209026194653694,0,0
2022_19_SEA_SF,2022,19,spread_home,17.2455149144918,1,0
2022_19_MIA_BUF,2022,19,spread_home,35.30115736208063,0,0
2022_19_NYG_MIN,2022,19,spread_home,3.0802035916974084,0,0
2022_19_BAL_CIN,2022,19,spread_home,15.27934054513865,0,0
2022_20_JAX_KC,2022,20,spread_home,19.50644283055164,0,0
2022_20_NYG_PHI,2022,20,spread_home,21.42442782354442,1,0
2022_20_CIN_BUF,2022,20,spread_home,11.290661224588803,0,0
2022_20_DAL_SF,2022,20,spread_home,4.148035299655107,1,0
2022_21_SF_PHI,2022,21,spread_away,5.536133469546103,0,0
2022_21_CIN_KC,2022,21,spread_away,5.724930856678918,0,0
2022_22_KC_PHI,2022,22,spread_home,12.532306794788305,0,0
2023_01_DET_KC,2023,1,spread_home,2.610174462103653,0,0
2023_01_CAR_ATL,2023,1,spread_home,3.474248576151425,1,0
2023_01_HOU_BAL,2023,1,spread_home,16.560836040396364,1,0
2023_01_CIN_CLE,2023,1,spread_away,4.111844028235611,0,0
2023_01_JAX_IND,2023,1,spread_away,10.280399062047213,1,0
2023_01_TB_MIN,2023,1,spread_home,7.407156182542522,0,0
2023_01_TEN_NO,2023,1,spread_home,3.480379857989099,0,0
2023_01_SF_PIT,2023,1,spread_away,5.854121210438234,1,0
2023_01_ARI_WAS,2023,1,spread_home,17.616271160613906,0,0
2023_01_PHI_NE,2023,1,spread_away,2.8460728082941507,1,0
2023_01_LA_SEA,2023,1,spread_home,6.559074574321231,0,0
2023_01_DAL_NYG,2023,1,spread_away,2.34936458554552,1,0
2023_01_BUF_NYJ,2023,1,spread_away,5.109208205418428,0,0
2023_02_MIN_PHI,2023,2,spread_home,7.954664116757014,0,1
2023_02_GB_ATL,2023,2,spread_home,3.389927653932327,0,0
2023_02_LV_BUF,2023,2,spread_home,20.728824405636566,1,0
2023_02_BAL_CIN,2023,2,spread_home,6.662123026970269,0,0
2023_02_SEA_DET,2023,2,spread_home,8.579044013716729,0,0
2023_02_IND_HOU,2023,2,spread_away,5.489162264980938,1,0
2023_02_KC_JAX,2023,2,spread_away,15.275189391903965,1,0
2023_02_CHI_TB,2023,2,spread_away,6.520094456956576,0,0
2023_02_LAC_TEN,2023,2,spread_away,8.297572932829809,0,0
2023_02_NYG_ARI,2023,2,spread_away,12.264880481916705,0,0
2023_02_SF_LA,2023,2,spread_away,13.774448572094757,0,0
2023_02_NYJ_DAL,2023,2,spread_home,17.77236307089671,1,0
2023_02_WAS_DEN,2023,2,spread_home,4.408411128120916,0,0
2023_02_NO_CAR,2023,2,spread_away,4.543366841765021,0,1
2023_02_CLE_PIT,2023,2,spread_away,3.9361545623380065,0,0
2023_03_NYG_SF,2023,3,spread_home,9.784020846964964,1,0
2023_03_IND_BAL,2023,3,spread_home,11.412800321943973,0,0
2023_03_TEN_CLE,2023,3,spread_home,7.6923709309878765,1,0
2023_03_ATL_DET,2023,3,spread_home,2.486363945345829,1,0
2023_03_NO_GB,2023,3,spread_away,2.352294806323349,0,0
2023_03_HOU_JAX,2023,3,spread_home,20.165892523455582,0,0
2023_03_DEN_MIA,2023,3,spread_home,7.387009818347514,1,0
2023_03_LAC_MIN,2023,3,spread_away,2.1073186385754252,1,0
2023_03_NE_NYJ,2023,3,spread_away,4.999011008308958,1,0
2023_03_BUF_WAS,2023,3,spread_away,8.517055373013154,1,0
2023_03_CAR_SEA,2023,3,spread_home,2.1401074703845704,1,0
2023_03_DAL_ARI,2023,3,spread_away,17.327579244270595,0,0
2023_03_CHI_KC,2023,3,spread_home,26.451856618357233,1,0
2023_03_PIT_LV,2023,3,spread_home,9.43580182520401,0,0
2023_03_PHI_TB,2023,3,spread_away,21.3444421864602,1,0
2023_03_LA_CIN,2023,3,spread_home,4.675844465509551,0,1
2023_04_DET_GB,2023,4,spread_away,5.82638163560382,1,0
2023_04_ATL_JAX,2023,4,spread_home,5.838484696840467,1,0
2023_04_MIA_BUF,2023,4,spread_home,14.231682628981158,1,0
2023_04_MIN_CAR,2023,4,spread_away,14.105983392936864,1,0
2023_04_DEN_CHI,2023,4,spread_away,6.049261821537888,0,1
2023_04_LA_IND,2023,4,spread_away,2.0895859234023737,1,0
2023_04_TB_NO,2023,4,spread_home,10.172387255445283,0,0
2023_04_WAS_PHI,2023,4,spread_home,20.086054219112235,0,0
2023_04_CIN_TEN,2023,4,spread_away,6.20399331454418,0,0
2023_04_LV_LAC,2023,4,spread_home,20.83643632752966,0,1
2023_04_NE_DAL,2023,4,spread_home,8.778866668982296,1,0
2023_04_ARI_SF,2023,4,spread_home,35.49373734557825,1,0
2023_04_KC_NYJ,2023,4,spread_away,18.70490755148871,0,0
2023_04_SEA_NYG,2023,4,spread_away,7.701969273526657,1,0
2023_05_CHI_WAS,2023,5,spread_home,13.092011399666877,0,0
2023_05_JAX_BUF,2023,5,spread_home,15.843216280037087,0,0
2023_05_HOU_ATL,2023,5,spread_home,2.0371927950836994,0,0
2023_05_CAR_DET,2023,5,spread_home,22.07781801068918,1,0
2023_05_TEN_IND,2023,5,spread_away,2.4683509738311282,0,0
2023_05_NYG_MIA,2023,5,spread_home,32.05408739691369,1,0
2023_05_NO_NE,2023,5,spread_home,2.3671639251076355,0,0
2023_05_BAL_PIT,2023,5,spread_away,10.763260650622989,0,0
2023_05_PHI_LA,2023,5,spread_away,6.113380253235913,1,0
2023_05_NYJ_DEN,2023,5,spread_away,3.1963275566332214,1,0
2023_05_KC_MIN,2023,5,spread_away,2.257202760974012,1,0
2023_05_DAL_SF,2023,5,spread_home,2.261728798317644,1,0
2023_06_DEN_KC,2023,6,spread_home,19.09200195740909,1,0
2023_06_BAL_TEN,2023,6,spread_away,7.332637584532679,1,0
2023_06_WAS_ATL,2023,6,spread_home,6.815824458183447,0,0
2023_06_MIN_CHI,2023,6,spread_away,3.3918982530127555,1,0
2023_06_SF_CLE,2023,6,spread_away,14.849900135350891,0,0
2023_06_NO_HOU,2023,6,spread_away,4.48971248862075,0,0
2023_06_IND_JAX,2023,6,spread_home,4.877989852409413,1,0
2023_06_CAR_MIA,2023,6,spread_home,36.07629375008454,1,0
2023_06_ARI_LA,2023,6,spread_home,9.916408768420203,1,0
2023_06_PHI_NYJ,2023,6,spread_away,12.03303096243097,0,0
2023_06_NYG_BUF,2023,6,spread_home,30.49119268582112,0,0
2023_06_DAL_LAC,2023,6,spread_away,2.4206436294099247,1,0
2023_07_DET_BAL,2023,7,spread_home,3.4181081249970102,1,0
2023_07_CLE_IND,2023,7,spread_away,3.354214072550274,0,0
2023_07_BUF_NE,2023,7,spread_away,16.91671019264874,0,0
2023_07_ATL_TB,2023,7,spread_home,4.0893765055689855,0,0
2023_07_PIT_LA,2023,7,spread_home,4.227463769663919,0,0
2023_07_ARI_SEA,2023,7,spread_home,11.245429383459483,1,0
2023_07_GB_DEN,2023,7,spread_away,2.356675614756508,0,0
2023_07_LAC_KC,2023,7,spread_home,5.392497454027203,1,0
2023_07_MIA_PHI,2023,7,spread_home,3.1999464856092916,1,0
2023_07_SF_MIN,2023,7,spread_away,13.795267504261638,0,0
2023_08_TB_BUF,2023,8,spread_home,18.00808721409712,0,0
2023_08_HOU_CAR,2023,8,spread_away,5.315685317403679,0,0
2023_08_LA_DAL,2023,8,spread_home,13.687687790320314,1,0
2023_08_MIN_GB,2023,8,spread_home,2.990050342637692,0,0
2023_08_NO_IND,2023,8,spread_away,6.322848588320684,1,0
2023_08_NE_MIA,2023,8,spread_home,12.320232740620627,1,0
2023_08_NYJ_NYG,2023,8,spread_away,7.610377697875097,0,1
2023_08_JAX_PIT,2023,8,spread_away,4.021649509551258,1,0
2023_08_PHI_WAS,2023,8,spread_away,12.929841016931052,0,1
2023_08_CLE_SEA,2023,8,spread_home,10.604280051227873,0,1
2023_08_BAL_ARI,2023,8,spread_away,19.984581801937424,0,0
2023_08_KC_DEN,2023,8,spread_away,18.430720920480535,0,0
2023_08_CIN_SF,2023,8,spread_home,9.344769961926866,0,0
2023_08_CHI_LAC,2023,8,spread_home,13.409256695600014,1,0
2023_08_LV_DET,2023,8,spread_home,17.167347785321134,1,0
2023_09_TEN_PIT,2023,9,spread_home,2.859989583193612,1,0
2023_09_MIA_KC,2023,9,spread_away,6.804406154463288,0,0
2023_09_SEA_BAL,2023,9,spread_home,2.3576077414010235,1,0
2023_09_ARI_CLE,2023,9,spread_home,28.503563991591488,1,0
2023_09_LA_GB,2023,9,spread_home,7.707977555853803,1,0
2023_09_WAS_NE,2023,9,spread_home,5.006041174455601,0,0
2023_09_CHI_NO,2023,9,spread_home,9.216343388627072,0,0
2023_09_IND_CAR,2023,9,spread_away,2.557304591715986,1,0
2023_09_NYG_LV,2023,9,spread_home,4.171116300282039,1,0
2023_09_BUF_CIN,2023,9,spread_home,3.818030897021337,1,0
2023_09_LAC_NYJ,2023,9,spread_away,2.7634638249321988,1,0
2023_10_CAR_CHI,2023,10,spread_home,6.009196739128364,0,1
2023_10_CLE_BAL,2023,10,spread_home,12.311713669882888,0,0
2023_10_HOU_CIN,2023,10,spread_home,8.819685644754324,0,0
2023_10_SF_JAX,2023,10,spread_away,6.938271771573312,1,0
2023_10_NO_MIN,2023,10,spread_away,6.3793265629437705,0,0
2023_10_ATL_ARI,2023,10,spread_away,2.577671421762375,0,0
2023_10_DET_LAC,2023,10,spread_away,9.230845817967415,1,0
2023_10_NYG_DAL,2023,10,spread_home,25.88262630580988,1,0
2023_10_WAS_SEA,2023,10,spread_home,4.2146499811066835,0,0
2023_10_NYJ_LV,2023,10,spread_away,4.784706339144126,0,0
2023_10_DEN_BUF,2023,10,spread_home,6.198166023197466,0,0
2023_11_CIN_BAL,2023,11,spread_home,12.522072679423355,1,0
2023_11_DAL_CAR,2023,11,spread_away,19.322680191800067,1,0
2023_11_PIT_CLE,2023,11,spread_home,6.577014502061815,1,0
2023_11_CHI_DET,2023,11,spread_home,14.313386196910775,0,0
2023_11_LAC_GB,2023,11,spread_away,8.307343607836327,0,0
2023_11_ARI_HOU,2023,11,spread_home,4.815013994925355,0,0
2023_11_TEN_JAX,2023,11,spread_home,14.789043944369997,1,0
2023_11_LV_MIA,2023,11,spread_home,23.84732069569168,0,0
2023_11_NYG_WAS,2023,11,spread_home,10.897962569737256,0,0
2023_11_TB_SF,2023,11,spread_home,28.038191330280846,0,0
2023_11_NYJ_BUF,2023,11,spread_home,22.806461413840708,1,0
2023_11_SEA_LA,2023,11,spread_away,2.2662384809226808,1,0
2023_11_PHI_KC,2023,11,spread_home,4.732706071647431,0,0
2023_12_GB_DET,2023,12,spread_home,17.428591197114446,0,0
2023_12_WAS_DAL,2023,12,spread_home,31.192684139755528,1,0
2023_12_SF_SEA,2023,12,spread_away,18.099336626529333,1,0
2023_12_MIA_NYJ,2023,12,spread_away,22.758265265149042,1,0
2023_12_PIT_CIN,2023,12,spread_away,3.0860554206173445,1,0
2023_12_NE_NYG,2023,12,spread_away,9.36271093947784,0,0
2023_12_CAR_TEN,2023,12,spread_home,8.304125905009718,1,0
2023_12_LA_ARI,2023,12,spread_away,10.204515713121022,1,0
2023_12_CLE_DEN,2023,12,spread_home,6.065025159047432,1,0
2023_12_KC_LV,2023,12,spread_away,13.912749533820671,1,0
2023_12_BAL_LAC,2023,12,spread_away,3.461599134023492,1,0
2023_13_SEA_DAL,2023,13,spread_home,24.0147078908066,0,0
2023_13_DEN_HOU,2023,13,spread_home,2.982956279556709,1,0
2023_13_LAC_NE,2023,13,spread_away,15.893922426975529,1,0
2023_13_DET_NO,2023,13,spread_away,7.046429346570089,1,0
2023_13_ATL_NYJ,2023,13,spread_away,5.110646328949551,1,0
2023_13_ARI_PIT,2023,13,spread_home,8.776365522404408,0,0
2023_13_MIA_WAS,2023,13,spread_away,14.135310934848105,1,0
2023_13_CAR_TB,2023,13,spread_home,12.559169694039289,0,0
2023_13_CLE_LA,2023,13,spread_home,3.379435747986589,1,0
2023_13_SF_PHI,2023,13,spread_away,3.738767845819861,1,0
2023_13_KC_GB,2023,13,spread_away,14.593672663814889,0,0
2023_13_CIN_JAX,2023,13,spread_home,26.61126606046683,0,0
2023_14_TB_ATL,2023,14,spread_away,4.080711954296987,1,0
2023_14_LA_BAL,2023,14,spread_home,11.58201789700799,0,0
2023_14_DET_CHI,2023,14,spread_away,5.2477156281475095,0,0
2023_14_IND_CIN,2023,14,spread_home,5.555469970859143,1,0
2023_14_CAR_NO,2023,14,spread_home,13.109572469325418,1,0
2023_14_HOU_NYJ,2023,14,spread_away,15.678685010473771,0,0
2023_14_MIN_LV,2023,14,spread_away,5.5939888836129255,0,1
2023_14_SEA_SF,2023,14,spread_home,35.613935380983875,0,0
2023_14_PHI_DAL,2023,14,spread_home,5.061595595330845,1,0
2023_14_TEN_MIA,2023,14,spread_home,21.449687193814974,0,0
2023_14_GB_NYG,2023,14,spread_away,15.685108959595256,0,0
2023_15_PIT_IND,2023,15,spread_home,4.030417080549002,1,0
2023_15_DEN_DET,2023,15,spread_home,3.1019490935247727,1,0
2023_15_ATL_CAR,2023,15,spread_away,3.121059241125573,0,0
2023_15_CHI_CLE,2023,15,spread_home,2.709244056516437,0,1
2023_15_TB_GB,2023,15,spread_home,9.491429571970503,0,0
2023_15_NYJ_MIA,2023,15,spread_home,9.03205061513128,1,0
2023_15_KC_NE,2023,15,spread_away,20.310091369353152,0,1
2023_15_NYG_NO,2023,15,spread_home,8.033567263780165,1,0
2023_15_SF_ARI,2023,15,spread_away,24.991577715741762,1,0
2023_15_WAS_LA,2023,15,spread_home,6.4107418855976785,1,0
2023_15_DAL_BUF,2023,15,spread_home,7.716364459202035,1,0
2023_15_BAL_JAX,2023,15,spread_away,2.0636081932781942,1,0
2023_15_PHI_SEA,2023,15,spread_away,8.334425723871618,0,0
2023_16_NO_LA,2023,16,spread_home,5.9425837041839635,1,0
2023_16_CIN_PIT,2023,16,spread_away,12.778384046815404,0,0
2023_16_BUF_LAC,2023,16,spread_away,20.191518760127288,0,0
2023_16_IND_ATL,2023,16,spread_home,6.455196249729524,1,0
2023_16_GB_CAR,2023,16,spread_away,11.429996924197532,0,0
2023_16_CLE_HOU,2023,16,spread_away,2.8259127185473316,1,0
2023_16_DET_MIN,2023,16,spread_away,8.409034181785614,1,0
2023_16_WAS_NYJ,2023,16,spread_home,4.05671213060343,0,0
2023_16_SEA_TEN,2023,16,spread_away,5.20170181712712,0,1
2023_16_JAX_TB,2023,16,spread_away,2.333393855770149,0,0
2023_16_ARI_CHI,2023,16,spread_home,8.925433223984818,1,0
2023_16_NE_DEN,2023,16,spread_home,12.342896407496966,0,0
2023_16_LV_KC,2023,16,spread_home,16.04402268081864,0,0
2023_16_NYG_PHI,2023,16,spread_home,25.510061533416412,0,0
2023_16_BAL_SF,2023,16,spread_home,10.557435305937808,0,0
2023_17_NYJ_CLE,2023,17,spread_home,11.444678324289315,1,0
2023_17_DET_DAL,2023,17,spread_home,7.7641695533806985,0,0
2023_17_NE_BUF,2023,17,spread_home,25.911839250206143,0,0
2023_17_ATL_CHI,2023,17,spread_home,5.224178268860586,1,0
2023_17_TEN_HOU,2023,17,spread_home,7.022803707978172,1,0
2023_17_LV_IND,2023,17,spread_home,2.2103439315411375,0,0
2023_17_CAR_JAX,2023,17,spread_home,3.4182012578232794,1,0
2023_17_LA_NYG,2023,17,spread_away,11.294332869330116,0,0
2023_17_ARI_PHI,2023,17,spread_home,20.592036215651234,0,0
2023_17_SF_WAS,2023,17,spread_away,25.433044953896164,1,0
2023_17_PIT_SEA,2023,17,spread_home,5.533169356622917,0,0
2023_17_CIN_KC,2023,17,spread_home,10.752725175865526,1,0
2023_17_GB_MIN,2023,17,spread_away,12.103777086463282,1,0
2023_18_PIT_BAL,2023,18,spread_home,7.730963354737204,0,0
2023_18_TB_CAR,2023,18,spread_away,13.904640547877397,1,0
2023_18_CLE_CIN,2023,18,spread_home,13.189545929338191,1,0
2023_18_MIN_DET,2023,18,spread_home,6.020680478153123,1,0
2023_18_ATL_NO,2023,18,spread_home,2.6291405095937352,1,0
2023_18_JAX_TEN,2023,18,spread_away,3.1551570027615985,0,0
2023_18_SEA_ARI,2023,18,spread_away,4.1522186412233575,0,0
2023_18_CHI_GB,2023,18,spread_home,3.109125679752926,1,0
2023_18_KC_LAC,2023,18,spread_home,8.275736251208814,0,0
2023_18_DEN_LV,2023,18,spread_home,6.562714676682296,1,0
2023_18_PHI_NYG,2023,18,spread_away,14.852840120631129,0,0
2023_18_LA_SF,2023,18,spread_home,4.821037143058798,0,0
2023_18_DAL_WAS,2023,18,spread_away,22.54967328172281,1,0
2023_18_BUF_MIA,2023,18,spread_away,6.599235468749494,1,0
2023_19_CLE_HOU,2023,19,spread_away,9.477799323927723,0,0
2023_19_MIA_KC,2023,19,spread_home,10.782087114522133,1,0
2023_19_GB_DAL,2023,19,spread_home,6.059232142775305,0,0
2023_19_PIT_BUF,2023,19,spread_home,19.038664976763442,1,0
2023_19_PHI_TB,2023,19,spread_away,9.463976575997181,0,0
2023_20_HOU_BAL,2023,20,spread_home,16.094330904179273,1,0
2023_20_GB_SF,2023,20,spread_home,18.924838745556208,0,0
2023_20_TB_DET,2023,20,spread_home,4.748219716792665,1,0
2023_20_KC_BUF,2023,20,spread_home,4.755551480427906,0,0
2023_21_KC_BAL,2023,21,spread_home,5.827184330686804,0,0
2023_21_DET_SF,2023,21,spread_home,14.208576024840522,0,0
2024_01_BAL_KC,2024,1,spread_home,9.843327971020715,1,0
2024_01_GB_PHI,2024,1,spread_home,10.237114808640282,1,0
2024_01_PIT_ATL,2024,1,spread_home,12.213995097572305,0,0
2024_01_ARI_BUF,2024,1,spread_home,15.841738127500546,0,0
2024_01_TEN_CHI,2024,1,spread_home,8.237109863825426,1,0
2024_01_NE_CIN,2024,1,spread_home,15.07948449279894,0,0
2024_01_JAX_MIA,2024,1,spread_home,7.957453818015002,0,0
2024_01_CAR_NO,2024,1,spread_home,3.4533653285611843,1,0
2024_01_MIN_NYG,2024,1,spread_away,2.264032136651755,1,0
2024_01_LV_LAC,2024,1,spread_home,5.691295466756211,1,0
2024_01_DEN_SEA,2024,1,spread_home,9.056226261477908,0,0
2024_01_WAS_TB,2024,1,spread_home,5.553730923175527,1,0
2024_01_LA_DET,2024,1,spread_home,4.255736630453634,1,0
2024_01_NYJ_SF,2024,1,spread_home,12.319474869174174,1,0
2024_02_LV_BAL,2024,2,spread_home,28.401183159351337,0,0
2024_02_NO_DAL,2024,2,spread_home,13.676602104112117,0,0
2024_02_TB_DET,2024,2,spread_home,9.231182895333921,0,0
2024_02_SF_MIN,2024,2,spread_away,10.637698508556404,0,0
2024_02_SEA_NE,2024,2,spread_away,10.418168336509696,0,0
2024_02_NYJ_TEN,2024,2,spread_away,10.6065020994697,1,0
2024_02_PIT_DEN,2024,2,spread_away,6.573840611327967,1,0
2024_02_CIN_KC,2024,2,spread_home,8.258313750274489,0,0
2024_02_CHI_HOU,2024,2,spread_home,9.865164718691275,0,1
2024_02_ATL_PHI,2024,2,spread_home,12.147602918923251,0,0
2024_03_NE_NYJ,2024,3,spread_home,18.812341698497512,1,0
2024_03_NYG_CLE,2024,3,spread_home,17.12663333733962,0,0
2024_03_HOU_MIN,2024,3,spread_away,2.739339752069307,0,0
2024_03_PHI_NO,2024,3,spread_home,2.4655204001012314,0,0
2024_03_LAC_PIT,2024,3,spread_home,6.825107914155135,1,0
2024_03_DEN_TB,2024,3,spread_home,7.823917044332221,0,0
2024_03_MIA_SEA,2024,3,spread_home,3.7193288734304932,1,0
2024_03_DET_ARI,2024,3,spread_away,10.72555832740697,1,0
2024_03_BAL_DAL,2024,3,spread_away,12.67663334602887,1,0
2024_03_SF_LA,2024,3,spread_away,17.057213348887604,0,0
2024_03_KC_ATL,2024,3,spread_away,5.033415104656216,1,0
2024_03_JAX_BUF,2024,3,spread_home,9.210572311275941,1,0
2024_03_WAS_CIN,2024,3,spread_home,15.024755056341352,0,0
2024_04_DAL_NYG,2024,4,spread_away,2.745773777264078,0,0
2024_04_NO_ATL,2024,4,spread_home,5.402747768827329,0,0
2024_04_CIN_CAR,2024,4,spread_away,6.791143990340196,1,0
2024_04_LA_CHI,2024,4,spread_home,9.384403256773012,1,0
2024_04_MIN_GB,2024,4,spread_home,6.921989876295888,0,0
2024_04_JAX_HOU,2024,4,spread_home,11.736991368152463,0,0
2024_04_PIT_IND,2024,4,spread_away,6.081204683981511,0,0
2024_04_DEN_NYJ,2024,4,spread_home,20.258664657626355,0,0
2024_04_PHI_TB,2024,4,spread_away,4.4847634249226545,0,0
2024_04_WAS_ARI,2024,4,spread_home,13.482371599904281,0,0
2024_04_NE_SF,2024,4,spread_home,20.878837934162778,1,0
2024_04_KC_LAC,2024,4,spread_away,11.740227141179595,0,0
2024_04_CLE_LV,2024,4,spread_home,4.666669648812951,1,0
2024_04_BUF_BAL,2024,4,spread_home,5.53538390014551,1,0
2024_04_TEN_MIA,2024,4,spread_home,11.512812736963358,0,0
2024_04_SEA_DET,2024,4,spread_home,2.577685549120021,1,0
2024_05_NYJ_MIN,2024,5,spread_home,11.744251073156379,1,0
2024_05_CAR_CHI,2024,5,spread_home,5.726337780306995,1,0
2024_05_BAL_CIN,2024,5,spread_away,5.336643077000895,1,0
2024_05_BUF_HOU,2024,5,spread_away,5.458463637728647,0,0
2024_05_MIA_NE,2024,5,spread_home,7.852091379879447,0,0
2024_05_CLE_WAS,2024,5,spread_home,9.487754732574327,1,0
2024_05_LV_DEN,2024,5,spread_home,7.200243441343371,1,0
2024_05_ARI_SF,2024,5,spread_home,11.638019398516997,0,0
2024_05_GB_LA,2024,5,spread_away,11.40511811545567,1,0
2024_05_NYG_SEA,2024,5,spread_home,12.949206469209324,0,0
2024_05_NO_KC,2024,5,spread_home,9.381198291855267,1,0
2024_06_SF_SEA,2024,6,spread_away,6.688795315810657,1,0
2024_06_JAX_CHI,2024,6,spread_away,4.54001312194894,0,0
2024_06_WAS_BAL,2024,6,spread_home,12.326056574537791,1,0
2024_06_ARI_GB,2024,6,spread_home,4.857428923740516,1,0
2024_06_HOU_NE,2024,6,spread_away,9.942835205334738,1,0
2024_06_TB_NO,2024,6,spread_away,7.985166083379655,1,0
2024_06_CLE_PHI,2024,6,spread_home,22.529547477381215,0,0
2024_06_IND_TEN,2024,6,spread_away,5.30614054370248,1,0
2024_06_PIT_LV,2024,6,spread_away,4.639609701276958,1,0
2024_06_ATL_CAR,2024,6,spread_away,12.442400339510723,1,0
2024_06_DET_DAL,2024,6,spread_away,9.90714065061335,1,0
2024_06_CIN_NYG,2024,6,spread_away,4.733666409486144,1,0
2024_07_NE_JAX,2024,7,spread_home,9.728530274604182,1,0
2024_07_SEA_ATL,2024,7,spread_home,7.485055903644901,0,0
2024_07_TEN_BUF,2024,7,spread_home,17.012364114394682,1,0
2024_07_CIN_CLE,2024,7,spread_away,15.730435505250654,1,0
2024_07_MIA_IND,2024,7,spread_home,5.429882088974038,1,0
2024_07_DET_MIN,2024,7,spread_home,5.830361807745752,0,0
2024_07_LV_LA,2024,7,spread_home,17.664607652685483,0,0
2024_07_CAR_WAS,2024,7,spread_home,20.708272816171174,1,0
2024_07_KC_SF,2024,7,spread_home,2.777384248785235,0,0
2024_07_NYJ_PIT,2024,7,spread_away,2.813633214296887,0,0
2024_07_LAC_ARI,2024,7,spread_home,2.136148098403148,1,0
2024_08_MIN_LA,2024,8,spread_away,5.769881414135912,0,0
2024_08_BAL_CLE,2024,8,spread_away,12.621903850629195,0,0
2024_08_TEN_DET,2024,8,spread_home,25.911141615722237,1,0
2024_08_IND_HOU,2024,8,spread_home,13.952119756627095,0,0
2024_08_GB_JAX,2024,8,spread_away,10.970997817225188,0,0
2024_08_ARI_MIA,2024,8,spread_home,13.992942806144145,0,0
2024_08_NYJ_NE,2024,8,spread_away,10.726323873204894,0,0
2024_08_ATL_TB,2024,8,spread_away,6.805693397738599,1,0
2024_08_NO_LAC,2024,8,spread_home,10.822037503934192,1,0
2024_08_BUF_SEA,2024,8,spread_away,2.794725988879011,1,0
2024_08_CAR_DEN,2024,8,spread_home,19.667068982804587,1,0
2024_08_KC_LV,2024,8,spread_away,16.94519755871194,0,0
2024_08_CHI_WAS,2024,8,spread_home,2.554802909475862,1,0
2024_08_DAL_SF,2024,8,spread_home,9.67260966996902,1,0
2024_08_NYG_PIT,2024,8,spread_home,12.463537434134743,1,0
2024_09_HOU_NYJ,2024,9,spread_home,4.96333733200545,1,0
2024_09_DAL_ATL,2024,9,spread_home,5.646283961051919,1,0
2024_09_DEN_BAL,2024,9,spread_home,18.573276169746322,1,0
2024_09_MIA_BUF,2024,9,spread_home,16.635173345026633,0,0
2024_09_NO_CAR,2024,9,spread_away,20.323968900751986,0,0
2024_09_LV_CIN,2024,9,spread_home,19.188013944343957,1,0
2024_09_LAC_CLE,2024,9,spread_away,2.655409025496751,1,0
2024_09_WAS_NYG,2024,9,spread_away,9.867122365614224,1,0
2024_09_NE_TEN,2024,9,spread_home,5.644406549519249,0,1
2024_09_JAX_PHI,2024,9,spread_home,15.163450671313669,0,0
2024_09_DET_GB,2024,9,spread_away,3.2358883873094735,1,0
2024_09_IND_MIN,2024,9,spread_home,10.10530211378535,1,0
2024_09_TB_KC,2024,9,spread_home,24.55389615715677,0,0
2024_10_CIN_BAL,2024,10,spread_home,8.94671558037042,0,0
2024_10_NYG_CAR,2024,10,spread_away,11.65273533625048,0,0
2024_10_NE_CHI,2024,10,spread_home,15.352103837319115,0,0
2024_10_BUF_IND,2024,10,spread_away,7.374932081035954,1,0
2024_10_MIN_JAX,2024,10,spread_away,11.859882383121708,0,0
2024_10_DEN_KC,2024,10,spread_home,15.530189071289419,0,0
2024_10_ATL_NO,2024,10,spread_away,12.066516072743097,0,0
2024_10_SF_TB,2024,10,spread_away,20.387702092294504,0,0
2024_10_PIT_WAS,2024,10,spread_home,2.7434940883255816,0,0
2024_10_TEN_LAC,2024,10,spread_home,19.223332258057386,1,0
2024_10_PHI_DAL,2024,10,spread_away,17.53134343493896,1,0
2024_10_DET_HOU,2024,10,spread_away,8.011543212661412,0,0
2024_11_WAS_PHI,2024,11,spread_home,7.717224105345066,1,0
2024_11_GB_CHI,2024,11,spread_away,8.267483856198112,0,0
2024_11_JAX_DET,2024,11,spread_home,32.655662556484224,1,0
2024_11_LV_MIA,2024,11,spread_home,23.745371181133578,1,0
2024_11_LA_NE,2024,11,spread_away,7.082159317463804,1,0
2024_11_CLE_NO,2024,11,spread_home,2.7696555357238855,1,0
2024_11_IND_NYJ,2024,11,spread_home,4.272444671365495,0,0
2024_11_BAL_PIT,2024,11,spread_home,6.121592158313531,1,0
2024_11_MIN_TEN,2024,11,spread_away,12.11842162254255,1,0
2024_11_ATL_DEN,2024,11,spread_home,2.615832531232776,1,0
2024_11_SEA_SF,2024,11,spread_home,14.406893737842012,0,0
2024_11_HOU_DAL,2024,11,spread_away,12.006773581344888,1,0
2024_12_KC_CAR,2024,12,spread_away,19.81240002514312,0,0
2024_12_MIN_CHI,2024,12,spread_away,3.4579007963492328,0,1
2024_12_TEN_HOU,2024,12,spread_home,26.689360129366623,0,0
2024_12_DET_IND,2024,12,spread_away,14.974834399171936,1,0
2024_12_NE_MIA,2024,12,spread_home,16.006792546256534,1,0
2024_12_TB_NYG,2024,12,spread_away,14.089200307011918,1,0
2024_12_DAL_WAS,2024,12,spread_home,22.04830571833655,0,0
2024_12_DEN_LV,2024,12,spread_away,4.55251589459414,1,0
2024_12_SF_GB,2024,12,spread_home,10.021748778234091,1,0
2024_12_ARI_SEA,2024,12,spread_away,2.9580864789819494,0,0
2024_12_PHI_LA,2024,12,spread_away,4.735798353857726,1,0
2024_12_BAL_LAC,2024,12,spread_home,4.217320976871175,0,0
2024_13_CHI_DET,2024,13,spread_home,14.546035659825264,0,0
2024_13_NYG_DAL,2024,13,spread_home,10.167417479371426,1,0
2024_13_MIA_GB,2024,13,spread_home,6.182310506218892,1,0
2024_13_LV_KC,2024,13,spread_home,29.910257038932684,0,0
2024_13_PIT_CIN,2024,13,spread_home,8.56759351844234,0,0
2024_13_HOU_JAX,2024,13,spread_away,4.207363164733126,0,0
2024_13_ARI_MIN,2024,13,spread_home,6.654239246727625,0,0
2024_13_IND_NE,2024,13,spread_away,6.510204267703306,0,0
2024_13_SEA_NYJ,2024,13,spread_home,4.029240284510033,0,0
2024_13_TEN_WAS,2024,13,spread_home,14.952415671684092,1,0
2024_13_TB_CAR,2024,13,spread_away,14.785142305355524,0,0
2024_13_PHI_BAL,2024,13,spread_home,8.409372547564995,0,0
2024_13_SF_BUF,2024,13,spread_home,16.11475902734128,1,0
2024_13_CLE_DEN,2024,13,spread_home,9.356577839985025,1,0
2024_14_GB_DET,2024,14,spread_home,8.384228861273819,0,1
2024_14_NYJ_MIA,2024,14,spread_home,15.59438842361334,0,0
2024_14_ATL_MIN,2024,14,spread_home,9.93127273549704,1,0
2024_14_NO_NYG,2024,14,spread_away,11.153268277863987,0,0
2024_14_CAR_PHI,2024,14,spread_home,30.388266445531297,0,0
2024_14_CLE_PIT,2024,14,spread_home,9.033108194446864,1,0
2024_14_LV_TB,2024,14,spread_home,14.844968052904033,1,0
2024_14_JAX_TEN,2024,14,spread_home,3.5432009583028212,0,0
2024_14_SEA_ARI,2024,14,spread_home,2.034653590493663,0,0
2024_14_BUF_LA,2024,14,spread_away,2.454933338772947,0,0
2024_14_CHI_SF,2024,14,spread_home,7.084537535306728,1,0
2024_14_LAC_KC,2024,14,spread_home,9.018811517020447,0,0
2024_14_CIN_DAL,2024,14,spread_away,8.658183016454458,1,0
2024_15_LA_SF,2024,15,spread_home,6.831502698640747,0,0
2024_15_DAL_CAR,2024,15,spread_home,3.258136482421593,0,0
2024_15_MIA_HOU,2024,15,spread_away,2.1793555596614853,0,0
2024_15_NYJ_JAX,2024,15,spread_away,10.108933102419766,1,0
2024_15_WAS_NO,2024,15,spread_away,12.862116897960357,0,0
2024_15_BAL_NYG,2024,15,spread_away,23.08167328892259,1,0
2024_15_CIN_TEN,2024,15,spread_away,10.710402848868355,1,0
2024_15_NE_ARI,2024,15,spread_home,15.414563986288023,1,0
2024_15_IND_DEN,2024,15,spread_home,6.840055869286573,1,0
2024_15_BUF_DET,2024,15,spread_home,11.17889128892185,0,0
2024_15_TB_LAC,2024,15,spread_home,3.0389262186209676,0,0
2024_15_PIT_PHI,2024,15,spread_home,10.94311060835083,1,0
2024_15_GB_SEA,2024,15,spread_away,6.04191987325653,1,0
2024_15_CHI_MIN,2024,15,spread_home,13.34257535384737,1,0
2024_15_ATL_LV,2024,15,spread_away,8.44344891580099,0,0
2024_16_DEN_LAC,2024,16,spread_home,13.445695185916158,1,0
2024_16_HOU_KC,2024,16,spread_home,5.109549026533274,1,0
2024_16_PIT_BAL,2024,16,spread_home,19.983865673618773,1,0
2024_16_NYG_ATL,2024,16,spread_home,19.49424753430769,1,0
2024_16_ARI_CAR,2024,16,spread_away,9.18853688161426,0,0
2024_16_DET_CHI,2024,16,spread_away,16.128265324186803,1,0
2024_16_CLE_CIN,2024,16,spread_home,22.24112353797475,1,0
2024_16_TEN_IND,2024,16,spread_home,6.778326492002497,1,0
2024_16_LA_NYJ,2024,16,spread_away,4.773797146067333,1,0
2024_16_PHI_WAS,2024,16,spread_away,6.135577475903869,0,0
2024_16_MIN_SEA,2024,16,spread_away,4.114980474436459,1,0
2024_16_NE_BUF,2024,16,spread_home,33.63721020739939,0,0
2024_16_SF_MIA,2024,16,spread_home,4.3571791333936,1,0
2024_16_TB_DAL,2024,16,spread_away,7.861592832328487,0,0
2024_16_NO_GB,2024,16,spread_home,23.50476597991583,1,0
2024_17_BAL_HOU,2024,17,spread_away,7.480907506433085,1,0
2024_17_SEA_CHI,2024,17,spread_away,5.414204732649825,0,0
2024_17_LAC_NE,2024,17,spread_away,12.024511858270667,1,0
2024_17_DEN_CIN,2024,17,spread_home,5.389083745208103,1,0
2024_17_ARI_LA,2024,17,spread_home,15.659824429825996,0,0
2024_17_NYJ_BUF,2024,17,spread_home,22.16203476088292,1,0
2024_17_TEN_JAX,2024,17,spread_home,3.4297318136739277,1,0
2024_17_IND_NYG,2024,17,spread_away,13.85433283980704,0,0
2024_17_DAL_PHI,2024,17,spread_home,18.23945847248064,1,0
2024_17_CAR_TB,2024,17,spread_home,15.654553325382608,1,0
2024_17_MIA_CLE,2024,17,spread_away,5.862834710384934,1,0
2024_17_GB_MIN,2024,17,spread_home,4.445777283276419,1,0
2024_17_ATL_WAS,2024,17,spread_home,4.953079194850057,1,0
2024_18_CLE_BAL,2024,18,spread_home,34.67087222063107,1,0
2024_18_CIN_PIT,2024,18,spread_away,6.6363291798216,0,0
2024_18_CAR_ATL,2024,18,spread_home,12.179469052796716,0,0
2024_18_WAS_DAL,2024,18,spread_away,8.616246769964413,0,0
2024_18_CHI_GB,2024,18,spread_home,23.40060531675328,0,0
2024_18_JAX_IND,2024,18,spread_home,12.827378751371803,0,0
2024_18_NYG_PHI,2024,18,spread_home,7.34639230687005,1,0
2024_18_NO_TB,2024,18,spread_home,29.071612570657805,0,0
2024_18_HOU_TEN,2024,18,spread_home,5.99343474438191,0,0
2024_18_SF_ARI,2024,18,spread_home,12.614438941789167,1,0
2024_18_KC_DEN,2024,18,spread_home,17.438750509559853,1,0
2024_18_SEA_LA,2024,18,spread_away,10.203712141800311,0,0
2024_18_LAC_LV,2024,18,spread_away,9.618978831554479,1,0
2024_18_MIA_NYJ,2024,18,spread_home,2.8833017235061904,1,0
2024_18_MIN_DET,2024,18,spread_home,4.328000705790728,1,0
2024_19_PIT_BAL,2024,19,spread_home,19.064288381894983,1,0
2024_19_DEN_BUF,2024,19,spread_home,14.046852216181158,1,0
2024_19_GB_PHI,2024,19,spread_home,7.367055020927442,1,0
2024_19_WAS_TB,2024,19,spread_home,6.806078700418007,0,0
2024_19_MIN_LA,2024,19,spread_away,4.148405239634486,0,0
2024_20_HOU_KC,2024,20,spread_home,16.54810019479432,0,0
2024_20_WAS_DET,2024,20,spread_home,15.649447753387086,0,0
2024_20_LA_PHI,2024,20,spread_home,11.699269668162257,0,0
2024_20_BAL_BUF,2024,20,spread_away,6.441245774444627,0,0
2024_21_WAS_PHI,2024,21,spread_home,6.777250099438007,1,0
2024_21_BUF_KC,2024,21,spread_home,3.4210104138229402,1,0
2024_22_KC_PHI,2024,22,spread_away,5.920412210193367,0,0
2025_01_DAL_PHI,2025,1,spread_home,19.372507723174294,0,0
2025_01_KC_LAC,2025,1,spread_away,9.702283573311835,0,0
2025_01_TB_ATL,2025,1,spread_home,11.601041872361543,0,0
2025_01_CIN_CLE,2025,1,spread_away,20.796536025130003,0,0
2025_01_MIA_IND,2025,1,spread_home,3.2705190721266812,1,0
2025_01_CAR_JAX,2025,1,spread_home,7.06046068153515,1,0
2025_01_LV_NE,2025,1,spread_home,4.023561696307359,0,0
2025_01_ARI_NO,2025,1,spread_away,17.46719264543491,1,0
2025_01_NYG_WAS,2025,1,spread_home,15.151347631611662,1,0
2025_01_TEN_DEN,2025,1,spread_home,21.113533502964614,0,0
2025_01_HOU_LA,2025,1,spread_home,4.834870687568048,1,0
2025_01_BAL_BUF,2025,1,spread_away,3.0762352208728823,0,0
2025_02_WAS_GB,2025,2,spread_home,5.525892914647653,1,0
2025_02_CLE_BAL,2025,2,spread_home,27.74629996016766,1,0
2025_02_JAX_CIN,2025,2,spread_home,8.557607406598358,1,0
2025_02_NYG_DAL,2025,2,spread_home,6.731962027026142,0,0
2025_02_CHI_DET,2025,2,spread_home,9.902887084200126,1,0
2025_02_NE_MIA,2025,2,spread_home,3.502891318010997,0,0
2025_02_SF_NO,2025,2,spread_away,4.265992889361556,1,0
2025_02_BUF_NYJ,2025,2,spread_away,15.143777712463256,1,0
2025_02_SEA_PIT,2025,2,spread_home,8.702868834066562,0,0
2025_02_LA_TEN,2025,2,spread_away,10.647538420603425,1,0
2025_02_CAR_ARI,2025,2,spread_home,16.45654555189785,0,0
2025_02_PHI_KC,2025,2,spread_home,3.1457418376389503,0,0
2025_02_ATL_MIN,2025,2,spread_home,5.386948902948911,0,0
2025_02_TB_HOU,2025,2,spread_home,3.2658520675352274,0,0
2025_02_LAC_LV,2025,2,spread_away,5.691133929932672,1,0
2025_03_MIA_BUF,2025,3,spread_home,23.123408591375473,0,0
2025_03_ATL_CAR,2025,3,spread_away,9.93646877734519,0,0
2025_03_GB_CLE,2025,3,spread_away,15.323876912525108,0,0
2025_03_HOU_JAX,2025,3,spread_home,2.70460098607399,1,0
2025_03_CIN_MIN,2025,3,spread_home,3.4149885340911483,1,0
2025_03_LA_PHI,2025,3,spread_home,13.987101501813697,1,0
2025_03_NYJ_TB,2025,3,spread_home,16.007383484015786,0,0
2025_03_IND_TEN,2025,3,spread_away,9.749292074481163,1,0
2025_03_DEN_LAC,2025,3,spread_home,3.0501408702141948,1,0
2025_03_NO_SEA,2025,3,spread_home,13.541950944957794,1,0
2025_03_DAL_CHI,2025,3,spread_away,3.737427514493452,0,0
2025_03_ARI_SF,2025,3,spread_home,2.932832144338967,0,0
2025_03_KC_NYG,2025,3,spread_away,8.3064562550139,1,0
2025_03_DET_BAL,2025,3,spread_home,5.854225931935162,0,0
2025_04_SEA_ARI,2025,4,spread_away,3.3950979585968435,1,0
2025_04_WAS_ATL,2025,4,spread_home,3.462102931157358,1,0
2025_04_NO_BUF,2025,4,spread_home,32.68804678916341,0,0
2025_04_CLE_DET,2025,4,spread_home,27.087050768635635,1,0
2025_04_TEN_HOU,2025,4,spread_home,20.5687001260225,1,0
2025_04_CAR_NE,2025,4,spread_home,6.832068792728077,1,0
2025_04_LAC_NYG,2025,4,spread_away,10.364412392144837,0,0
2025_04_PHI_TB,2025,4,spread_away,8.022610067609962,1,0
2025_04_IND_LA,2025,4,spread_home,2.570662102314877,1,0
2025_04_JAX_SF,2025,4,spread_home,6.219701741795516,0,0
2025_04_BAL_KC,2025,4,spread_home,5.615360080770712,1,0
2025_04_GB_DAL,2025,4,spread_away,13.416877652268221,0,0
2025_04_CIN_DEN,2025,4,spread_home,9.469638751884764,1,0
2025_05_SF_LA,2025,5,spread_home,25.960881576827163,0,0
2025_05_MIN_CLE,2025,5,spread_away,5.42061977264284,1,0
2025_05_LV_IND,2025,5,spread_home,16.964222581805934,1,0
2025_05_DEN_PHI,2025,5,spread_home,12.309966973997913,0,0
2025_05_TEN_ARI,2025,5,spread_home,11.355816492511536,0,0
2025_05_TB_SEA,2025,5,spread_home,10.571132672322221,0,0
2025_05_DET_CIN,2025,5,spread_away,17.853956347976165,1,0
2025_05_NE_BUF,2025,5,spread_home,17.05005376054055,0,0
2025_05_KC_JAX,2025,5,spread_away,6.402517332505854,0,0
2025_06_PHI_NYG,2025,6,spread_away,13.403241897632626,0,0
2025_06_DEN_NYJ,2025,6,spread_away,16.31668056636577,0,0
2025_06_LA_BAL,2025,6,spread_away,14.072772580809378,1,0
2025_06_DAL_CAR,2025,6,spread_home,12.24998252994122,1,0
2025_06_ARI_IND,2025,6,spread_home,21.93677001009828,0,0
2025_06_SEA_JAX,2025,6,spread_home,2.9633828269112454,0,0
2025_06_LAC_MIA,2025,6,spread_away,8.43673674492419,0,0
2025_06_NE_NO,2025,6,spread_away,7.420852146739409,1,0
2025_06_CLE_PIT,2025,6,spread_home,11.667231993238154,1,0
2025_06_TEN_LV,2025,6,spread_home,10.807182884443606,1,0
2025_06_CIN_GB,2025,6,spread_home,33.474551142597406,0,0
2025_06_SF_TB,2025,6,spread_home,9.444276945775835,1,0
2025_06_DET_KC,2025,6,spread_home,2.2427928754095476,1,0
2025_06_BUF_ATL,2025,6,spread_away,5.5097591178079925,0,0
2025_06_CHI_WAS,2025,6,spread_home,15.542345011110408,0,0
2025_07_PIT_CIN,2025,7,spread_away,14.527415836801703,0,0
2025_07_LA_JAX,2025,7,spread_away,3.4491655027495804,1,0
2025_07_NO_CHI,2025,7,spread_home,10.790301653819817,1,0
2025_07_MIA_CLE,2025,7,spread_home,2.8902944646963418,1,0
2025_07_LV_KC,2025,7,spread_home,27.911395484759613,1,0
2025_07_PHI_MIN,2025,7,spread_away,8.985750710172065,1,0
2025_07_NE_TEN,2025,7,spread_away,13.76674220135789,1,0
2025_07_NYG_DEN,2025,7,spread_home,12.09415115915987,0,0
2025_07_GB_ARI,2025,7,spread_away,16.653006199050186,0,0
2025_07_WAS_DAL,2025,7,spread_home,4.716620512482256,1,0
2025_07_TB_DET,2025,7,spread_home,4.93038554228378,1,0
2025_07_HOU_SEA,2025,7,spread_home,4.3765471718835585,1,0
2025_08_MIN_LAC,2025,8,spread_home,2.892183647225282,1,0
2025_08_MIA_ATL,2025,8,spread_home,12.164419003295421,0,0
2025_08_CHI_BAL,2025,8,spread_home,3.0025875574748246,1,0
2025_08_BUF_CAR,2025,8,spread_away,7.902943862973107,1,0
2025_08_NYJ_CIN,2025,8,spread_home,10.526278419821876,0,0
2025_08_SF_HOU,2025,8,spread_away,6.0039340608925365,0,0
2025_08_CLE_NE,2025,8,spread_home,13.448503525774015,1,0
2025_08_NYG_PHI,2025,8,spread_home,14.915216929996575,1,0
2025_08_TB_NO,2025,8,spread_away,11.257536919592855,1,0
2025_08_DAL_DEN,2025,8,spread_home,6.357138649333681,1,0
2025_08_TEN_IND,2025,8,spread_home,34.5518624296047,1,0
2025_08_GB_PIT,2025,8,spread_home,5.852031334050601,0,0
2025_08_WAS_KC,2025,8,spread_home,23.810728006759476,1,0
2025_09_BAL_MIA,2025,9,spread_away,13.818642993779967,1,0
2025_09_CHI_CIN,2025,9,spread_away,7.926193426740954,1,0
2025_09_MIN_DET,2025,9,spread_home,17.828295967822775,0,0
2025_09_CAR_GB,2025,9,spread_home,30.515743225172987,0,0
2025_09_DEN_HOU,2025,9,spread_home,5.127461422284918,0,0
2025_09_ATL_NE,2025,9,spread_home,11.816300644661894,0,0
2025_09_SF_NYG,2025,9,spread_away,2.1151192216587074,1,0
2025_09_IND_PIT,2025,9,spread_home,3.9189799362244093,1,0
2025_09_LAC_TEN,2025,9,spread_away,14.736391966186531,0,0
2025_09_NO_LA,2025,9,spread_home,24.519112921103776,1,0
2025_09_JAX_LV,2025,9,spread_away,6.612737239020867,0,0
2025_09_SEA_WAS,2025,9,spread_away,3.5554882234312863,1,0
2025_09_ARI_DAL,2025,9,spread_home,9.318906862330891,0,0
2025_10_LV_DEN,2025,10,spread_home,28.245802654941453,0,0
2025_10_ATL_IND,2025,10,spread_home,14.71650187460476,0,0
2025_10_NO_CAR,2025,10,spread_home,9.05176689551944,0,0
2025_10_NYG_CHI,2025,10,spread_home,12.501452532598808,0,0
2025_10_JAX_HOU,2025,10,spread_home,2.327888832371572,1,0
2025_10_BUF_MIA,2025,10,spread_away,19.30109479625706,0,0
2025_10_BAL_MIN,2025,10,spread_away,12.240687085804844,1,0
2025_10_CLE_NYJ,2025,10,spread_home,2.6963570348550645,1,0
2025_10_NE_TB,2025,10,spread_home,2.1223525787740787,0,0
2025_10_ARI_SEA,2025,10,spread_home,9.546785831717209,1,0
2025_10_LA_SF,2025,10,spread_away,17.56381731160604,1,0
2025_10_DET_WAS,2025,10,spread_away,18.099401259952156,1,0
2025_10_PIT_LAC,2025,10,spread_home,3.5453733693398957,1,0
2025_11_NYJ_NE,2025,11,spread_home,27.558079405338262,1,0
2025_11_CAR_ATL,2025,11,spread_home,8.66156593161168,0,0
2025_11_TB_BUF,2025,11,spread_home,10.194466114985772,1,0
2025_11_LAC_JAX,2025,11,spread_away,9.672435512481194,0,0
2025_11_CHI_MIN,2025,11,spread_home,3.1347563738935005,0,0
2025_11_GB_NYG,2025,11,spread_away,8.722221802483807,0,0
2025_11_CIN_PIT,2025,11,spread_home,10.594586828535682,1,0
2025_11_HOU_TEN,2025,11,spread_away,12.240506147868452,0,0
2025_11_SEA_LA,2025,11,spread_home,6.22966334416768,0,0
2025_11_BAL_CLE,2025,11,spread_away,17.983047965276256,0,0
2025_11_KC_DEN,2025,11,spread_away,8.969043953307938,0,0
2025_11_DAL_LV,2025,11,spread_away,12.129108444308853,1,0
2025_12_BUF_HOU,2025,12,spread_away,8.313571053487713,0,0
2025_12_NYJ_BAL,2025,12,spread_home,27.67993365040784,0,0
2025_12_PIT_CHI,2025,12,spread_home,3.496023378487846,0,1
2025_12_NE_CIN,2025,12,spread_away,14.893897081884425,0,0
2025_12_NYG_DET,2025,12,spread_home,29.877708696219514,0,0
2025_12_MIN_GB,2025,12,spread_home,13.953464081863029,1,0
2025_12_SEA_TEN,2025,12,spread_away,22.145551852089454,0,0
2025_12_JAX_ARI,2025,12,spread_away,7.910227143591338,1,0
2025_12_CLE_LV,2025,12,spread_home,8.632051652060586,0,0
2025_12_PHI_DAL,2025,12,spread_away,10.401838992412724,0,0
2025_12_TB_LA,2025,12,spread_home,13.312739918619485,1,0
2025_12_CAR_SF,2025,12,spread_home,15.357087278207995,1,0
2025_13_GB_DET,2025,13,spread_home,2.225398362764102,0,0
2025_13_KC_DAL,2025,13,spread_away,12.559842572961474,0,0
2025_13_CIN_BAL,2025,13,spread_home,5.645822389057452,0,0
2025_13_CHI_PHI,2025,13,spread_home,14.967724573004588,0,0
2025_13_LA_CAR,2025,13,spread_away,17.618691826167638,0,0
2025_13_SF_CLE,2025,13,spread_away,14.603487574214284,1,0
2025_13_NO_MIA,2025,13,spread_home,10.805048919404351,0,0
2025_13_ATL_NYJ,2025,13,spread_away,4.672989803452213,0,0
2025_13_ARI_TB,2025,13,spread_home,6.781250607560197,0,0
2025_13_JAX_TEN,2025,13,spread_away,7.996671712295636,1,0
2025_13_MIN_SEA,2025,13,spread_home,29.912399058171978,1,0
2025_13_LV_LAC,2025,13,spread_home,21.606153451635173,1,0
2025_13_BUF_PIT,2025,13,spread_away,7.73146766639878,1,0
2025_13_DEN_WAS,2025,13,spread_away,18.650609289381723,0,0
2025_13_NYG_NE,2025,13,spread_home,9.984068511832119,1,0
2025_14_DAL_DET,2025,14,spread_home,10.118043584382903,1,0
2025_14_SEA_ATL,2025,14,spread_away,11.189428231218834,1,0
2025_14_PIT_BAL,2025,14,spread_home,14.941902084488541,0,0
2025_14_TEN_CLE,2025,14,spread_home,15.616350228780489,0,0
2025_14_CHI_GB,2025,14,spread_home,11.228960027753793,1,0
2025_14_IND_JAX,2025,14,spread_away,3.992057774042626,0,0
2025_14_WAS_MIN,2025,14,spread_away,7.860971421129368,0,0
2025_14_MIA_NYJ,2025,14,spread_away,5.331423784476899,1,0
2025_14_NO_TB,2025,14,spread_home,8.788124060423833,0,0
2025_14_DEN_LV,2025,14,spread_away,14.78004613089456,0,0
2025_14_LA_ARI,2025,14,spread_away,20.724376268510532,1,0
2025_14_CIN_BUF,2025,14,spread_home,9.557668701283223,0,0
2025_14_HOU_KC,2025,14,spread_home,11.55820207248713,0,0
2025_14_PHI_LAC,2025,14,spread_away,2.5722076352728447,0,0
2025_15_ATL_TB,2025,15,spread_home,10.039017334731547,0,0
2025_15_CLE_CHI,2025,15,spread_home,17.518904113212898,1,0
2025_15_BAL_CIN,2025,15,spread_away,2.5186076138366538,1,0
2025_15_ARI_HOU,2025,15,spread_home,21.362332780988083,1,0
2025_15_NYJ_JAX,2025,15,spread_home,23.328622682584307,1,0
2025_15_LAC_KC,2025,15,spread_home,10.532842502739708,0,0
2025_15_BUF_NE,2025,15,spread_away,6.73387090422689,1,0
2025_15_LV_PHI,2025,15,spread_home,30.836784319679808,1,0
2025_15_DET_LA,2025,15,spread_home,8.133301503019897,1,0
2025_15_CAR_NO,2025,15,spread_away,2.6352220245712066,0,0
2025_15_IND_SEA,2025,15,spread_home,27.71643488839694,0,0
2025_15_TEN_SF,2025,15,spread_home,26.99993881359714,1,0
2025_15_MIN_DAL,2025,15,spread_home,6.324416011985706,0,0
2025_15_MIA_PIT,2025,15,spread_home,6.97239717972594,1,0
2025_16_LA_SEA,2025,16,spread_away,2.004291008859188,1,0
2025_16_GB_CHI,2025,16,spread_home,12.894073153190735,1,0
2025_16_PHI_WAS,2025,16,spread_away,13.387098002658593,1,0
2025_16_NE_BAL,2025,16,spread_home,6.856364504964249,0,0
2025_16_TB_CAR,2025,16,spread_away,4.324454353483127,0,0
2025_16_BUF_CLE,2025,16,spread_away,18.140534181407904,0,0
2025_16_LAC_DAL,2025,16,spread_home,3.1696498302801843,0,0
2025_16_NYJ_NO,2025,16,spread_home,12.831792353038342,1,0
2025_16_MIN_NYG,2025,16,spread_away,3.8022576759971107,1,0
2025_16_KC_TEN,2025,16,spread_away,10.351719890999407,0,0
2025_16_ATL_ARI,2025,16,spread_away,12.293129189287582,1,0
2025_16_JAX_DEN,2025,16,spread_home,11.953021346568178,0,0
2025_16_PIT_DET,2025,16,spread_home,17.55676838022348,0,0
2025_16_LV_HOU,2025,16,spread_home,29.118883577213165,0,0
2025_16_CIN_MIA,2025,16,spread_away,6.459881452248751,1,0
2025_16_SF_IND,2025,16,spread_away,11.623347293132259,1,0
2025_17_DAL_WAS,2025,17,spread_away,16.040426001751605,0,0
2025_17_DET_MIN,2025,17,spread_away,18.84007840088759,0,0
2025_17_DEN_KC,2025,17,spread_away,18.06448697301417,0,0
2025_17_SEA_CAR,2025,17,spread_away,10.127104198744247,1,0
2025_17_ARI_CIN,2025,17,spread_home,11.077474839794128,1,0
2025_17_PIT_CLE,2025,17,spread_away,6.420051474608983,0,0
2025_17_BAL_GB,2025,17,spread_home,3.3365315203259778,0,0
2025_17_JAX_IND,2025,17,spread_away,8.518763086537675,1,0
2025_17_HOU_LAC,2025,17,spread_home,4.850498810468293,0,0
2025_17_NYG_LV,2025,17,spread_away,6.111370824748425,1,0
2025_17_TB_MIA,2025,17,spread_away,8.685896692379002,0,0
2025_17_NE_NYJ,2025,17,spread_away,22.49880024416008,1,0
2025_17_NO_TEN,2025,17,spread_home,2.513224689396914,0,0
2025_17_PHI_BUF,2025,17,spread_home,5.5204455343084575,0,0
2025_17_CHI_SF,2025,17,spread_home,3.2854279456818265,1,0
2025_17_LA_ATL,2025,17,spread_away,12.29646006084132,0,0
2025_18_NO_ATL,2025,18,spread_home,11.18746599530147,0,0
2025_18_NYJ_BUF,2025,18,spread_home,33.383775300165446,1,0
2025_18_DET_CHI,2025,18,spread_home,9.86057505594561,0,0
2025_18_CLE_CIN,2025,18,spread_home,23.794939729924494,0,0
2025_18_LAC_DEN,2025,18,spread_home,29.19706165486891,1,0
2025_18_IND_HOU,2025,18,spread_home,24.77144805887987,0,0
2025_18_TEN_JAX,2025,18,spread_home,23.520083292999846,1,0
2025_18_ARI_LA,2025,18,spread_home,25.447093215363108,1,0
2025_18_KC_LV,2025,18,spread_away,5.559857494208551,0,0
2025_18_GB_MIN,2025,18,spread_home,26.899047067264085,1,0
2025_18_MIA_NE,2025,18,spread_home,38.0554202228045,1,0
2025_18_DAL_NYG,2025,18,spread_away,3.1429988197580268,0,0
2025_18_BAL_PIT,2025,18,spread_away,12.251353684355529,0,0
2025_18_CAR_TB,2025,18,spread_home,5.385387090299227,0,0
2025_19_GB_CHI,2025,19,spread_away,3.8105067334848113,0,0
2025_19_SF_PHI,2025,19,spread_home,15.79663495134362,0,0
2025_19_LAC_NE,2025,19,spread_home,13.469383630031857,1,0
2025_19_HOU_PIT,2025,19,spread_away,3.8278127913558544,1,0
2025_19_LA_CAR,2025,19,spread_away,17.887318065162567,0,0
2025_20_BUF_DEN,2025,20,spread_home,6.474257335801442,1,0
2025_20_SF_SEA,2025,20,spread_home,15.148386346024004,1,0
2025_20_LA_CHI,2025,20,spread_away,3.166482192994371,0,0
2025_20_HOU_NE,2025,20,spread_home,10.087474238370035,1,0
2025_21_NE_DEN,2025,21,spread_away,9.297095223497323,0,0
2025_21_LA_SEA,2025,21,spread_home,3.4104821614731238,1,0
2025_22_SEA_NE,2025,22,spread_away,9.02756988356952,1,0
